karlfrisch,castonchris,2.0
karlfrisch,servantonice,2.0
karlfrisch,hattieknuff,2.0
karlfrisch,dgjewel,2.0
rtv6,marcmullins1,3.0
rtv6,ericrtv6,2.0
jandjdad,mycrazypassions,2.0
jandjdad,wipehomophobia,4.0
jandjdad,uniformunicorns,2.0
jandjdad,equalitymantra,2.0
jandjdad,coreyweubank,2.0
flipsville,rocastillor,2.0
flipsville,bipartisanism,2.0
rpulvermacher,bipartisanism,4.0
newlyleft,jameshaning,2.0
embatlanta,theadvocatemag,3.0
embatlanta,georgiaunites,2.0
embatlanta,jameshaning,3.0
embatlanta,freedom_indiana,2.0
teresaboleh,thedailyedge,2.0
alonso_529,richardohornos,2.0
leftnotright,bipartisanism,2.0
101flyboy,msignorile,4.0
mftrombley,jameshaning,2.0
loriiseclectic,freedom_indiana,2.0
totalfuckinfag,bipartisanism,2.0
davewilderman,lgbtqnation,2.0
davewilderman,thedailyedge,2.0
davewilderman,bipartisanism,6.0
noholidayforgop,tntweeterses,2.0
jeffreynola,bipartisanism,3.0
whitsubstance,bipartisanism,4.0
drseid,shannonrwatts,2.0
burberryant,bipartisanism,2.0
grmoll,midwestpatrick,3.0
grmoll,charlienyephoto,2.0
grmoll,queenadalite,2.0
grmoll,reedtyler,3.0
watkinsra,thedailyedge,2.0
noexcuses31,lgbtqnation,2.0
charlesexsavior,bipartisanism,2.0
cmpinter,lgbtqnation,2.0
cmpinter,gaystarnews,4.0
cmpinter,gapinc,2.0
cmpinter,freedom_indiana,2.0
kestans,bipartisanism,2.0
chriscuomo,fighterlgbt,2.0
chriscuomo,commentarycnn,2.0
chriscuomo,bowman409,2.0
chriscuomo,davidromano72,2.0
david_engelson,bipartisanism,4.0
bs_whistler,bipartisanism,2.0
_plaa95,immigrantnacion,35.0
_plaa95,kimberly_canete,2.0
katindunn,bipartisanism,2.0
nahidzhs,bipartisanism,2.0
ridgemadison,mcspocky,2.0
jackjudge_57,zanezodrow,2.0
nowiknoevrythng,cscstars,2.0
bwms91,gapinc,2.0
jerrylchris,ozchrisrock,2.0
imterrifiedlove,dchomos,3.0
thekeybandito,freedom_indiana,11.0
dailyblueblog,thedailyedge,2.0
dailyblueblog,freedom_indiana,2.0
dailyblueblog,bipartisanism,7.0
dailyblueblog,lgbtqnation,3.0
dailyblueblog,theadvocatemag,2.0
dailyblueblog,jameshaning,4.0
torqueflite,slipcases,2.0
torqueflite,gift2usa,4.0
glennwadenver,lgbtqnation,2.0
lgbt_activist,gaystarnews,2.0
lexzdad,theadvocatemag,2.0
lwbluedragon,stcyrlyme2,2.0
lwbluedragon,mcspocky,4.0
martha_v143,bipartisanism,2.0
mikew1767,thedailyedge,2.0
mikew1767,bennydiego,2.0
mikew1767,bipartisanism,2.0
gar_haydee,itsshoboy,2.0
annikasdaddy,bipartisanism,3.0
christianlogic1,bipartisanism,2.0
deadned88,bipartisanism,3.0
gay_news_now,jimmybear2,3.0
gay_news_now,thedailyedge,6.0
gay_news_now,equalityrising_,5.0
gay_news_now,freedom_indiana,5.0
gay_news_now,glassclosetorg,2.0
gay_news_now,msignorile,5.0
gay_news_now,bennydiego,4.0
gay_news_now,bipartisanism,17.0
gay_news_now,lgbtqnation,11.0
gay_news_now,jeffl76,2.0
gay_news_now,tomhall,2.0
gay_news_now,jameshaning,8.0
gay_news_now,occupythemob,3.0
gay_news_now,lorion,2.0
tapiafc,tntweeterses,2.0
summerortman,gapinc,2.0
cypheroftyr,sallykohn,2.0
_rustymaster,bipartisanism,3.0
actdontreact,immigrantnacion,2.0
actdontreact,davidromeiphd,3.0
factsvsopinion,bipartisanism,3.0
bratfrye,bipartisanism,2.0
esf1956,thedailyedge,3.0
lisatoddsutton,nancywonderful,2.0
jcbjork,chpsre,2.0
aterkel,mattmurph24,4.0
aterkel,susansternberg,2.0
aterkel,oldsoutherndem,2.0
aterkel,thedavidabides,2.0
aterkel,nutsandolts,2.0
aterkel,wwcentury,2.0
aterkel,sherifffruitfly,2.0
aterkel,murfdawgie,2.0
aterkel,wanwulf,3.0
aterkel,markbrown936,4.0
aterkel,prestonmaddock,2.0
aterkel,givemesometruth,2.0
aterkel,evanhwilliams,4.0
aterkel,whirlingnerdish,2.0
aterkel,e_barrera74,2.0
aterkel,cogrannie,2.0
aterkel,sue_oconnell1,2.0
aterkel,kenzgrondahl,2.0
aterkel,scout_finch,2.0
aterkel,fidelioscabinet,2.0
aterkel,phillycook,2.0
aterkel,chadhgriffin,2.0
aterkel,warrenismad,2.0
aterkel,an_janes,2.0
aterkel,borealizz,4.0
aterkel,dondeblah,2.0
aterkel,sujatamitradc,2.0
aterkel,nefariousaryq,3.0
aterkel,joesudbay,3.0
aterkel,andymarkle,3.0
aterkel,bukiwilliams,2.0
aterkel,zoey_bartlet,2.0
aterkel,graceslick77,2.0
aterkel,msshass,2.0
joel5h,itsshoboy,2.0
hugonor1,richardohornos,2.0
momsquared_in,freedom_indiana,3.0
christianne67,chuck4219,2.0
belsambar96,bipartisanism,8.0
jalexus_aames,bipartisanism,2.0
janeface15,thedailyedge,2.0
janeface15,bipartisanism,3.0
dwriley2895,bipartisanism,2.0
ericbilligmeier,ozchrisrock,2.0
wubbagirl,lgbtqnation,5.0
wubbagirl,dchomos,2.0
tcmassie,clarknt67,2.0
anoble_wanderer,sallykohn,2.0
akn,bipartisanism,3.0
sophiasanchez42,immigrantnacion,35.0
kw6238b,bipartisanism,2.0
popelouann,lgbtqnation,3.0
vidana_f,marc_perrone,2.0
amantedelibros,mcspocky,2.0
gypsysyx,bennydiego,2.0
sha1de,bennydiego,2.0
sha1de,bipartisanism,2.0
ky_tsunami,dchomos,2.0
cowboytexas,carl23b4,2.0
cowboytexas,gizmo3217,2.0
cowboytexas,surrealintel,2.0
cowboytexas,drhug,2.0
cowboytexas,bipartisanism,4.0
cowboytexas,bldouglasjr,2.0
cowboytexas,carmenvellon,2.0
cowboytexas,jameshaning,2.0
cowboytexas,equalityrising_,2.0
twistanonymous,occupythemob,4.0
twistanonymous,bipartisanism,4.0
swbrohoney,bipartisanism,2.0
lfsgd_diane,jamiastarheart,2.0
loganc_wolf,dchomos,2.0
esd2000,kennydeeder,2.0
esd2000,bipartisanism,2.0
larrymholliday,truthbuster,2.0
suzmarks,bipartisanism,4.0
mrjenkss,ozchrisrock,4.0
mrjenkss,andersonista,2.0
dykstradame,kharyp,2.0
dykstradame,jameshaning,2.0
nfouletier,jameshaning,2.0
sgbz,thedailyedge,2.0
oldlibonabike,bipartisanism,4.0
dorothydotspenc,bipartisanism,2.0
caltenco12,richardohornos,2.0
caltenco12,ninamills,4.0
susanbalzer,freedom_indiana,2.0
elingcarin,racismolizer,2.0
usn1018,sallykohn,2.0
indiepensfan,freedom_indiana,4.0
inky_mark,bipartisanism,2.0
lebron_manning,occupythemob,2.0
uniformunicorns,lgbtqnation,2.0
bryan2233,bipartisanism,2.0
maria_yocupicio,richardohornos,2.0
twajole,tomhall,2.0
twajole,marc_perrone,3.0
taikotrichster,bipartisanism,2.0
clarknt67,gayweho,2.0
clarknt67,grimeskent,2.0
clarknt67,wiseoldqueen,4.0
clarknt67,nomaniacs,2.0
clarknt67,eonbolo,2.0
clarknt67,the_woch_man,2.0
clarknt67,dflexmatrix,5.0
clarknt67,soultwist93,2.0
clarknt67,antipandemonium,2.0
clarknt67,ojulla,2.0
clarknt67,conchgunny,3.0
clarknt67,fredburton13,3.0
clarknt67,mykelbeyotch,2.0
clarknt67,lankyguy,4.0
clarknt67,gael_wench,3.0
clarknt67,d3clark48,6.0
clarknt67,bjcrochet,2.0
clarknt67,sk45202,2.0
clarknt67,stoprfra,8.0
clarknt67,vetosb101,2.0
clarknt67,sillmyril,2.0
clarknt67,hoosier47906,2.0
clarknt67,jamesfbarry45,2.0
clarknt67,curvynerdysexy,2.0
clarknt67,lgbt_lover,3.0
clarknt67,peppersandeggs,2.0
clarknt67,elueroy,3.0
clarknt67,memeographs,8.0
clarknt67,thodge77,2.0
clarknt67,jeff_mce,5.0
clarknt67,awhitis,2.0
clarknt67,meghanstabler,2.0
clarknt67,nefariousaryq,2.0
clarknt67,missb62,2.0
clarknt67,wacissaoverlook,2.0
clarknt67,speakteachwrite,3.0
clarknt67,eatlotsmorevegg,2.0
indyspears,freedom_indiana,3.0
indyspears,stoprfra,2.0
amalalllama,bbcnewsus,2.0
pam_i_am_a1,bipartisanism,3.0
sensiablue,bipartisanism,2.0
realnikb,occupythemob,2.0
lacadri34,jimmybear2,2.0
santohollon,jimmybear2,2.0
ellenamartin1,thedailyedge,2.0
ellenamartin1,viewfromwise,5.0
indrob83,freedom_indiana,2.0
dlggy,sallykohn,3.0
sogallegos0118,richardohornos,2.0
morningstarcup,dtlal,2.0
mspointy,lgbtqnation,2.0
number2pencil1,thedailyedge,2.0
jrmmrj,bipartisanism,2.0
ddmonic,thedailyedge,2.0
lsk727,nancywonderful,4.0
lsk727,bipartisanism,2.0
janetbwd,bipartisanism,2.0
ming_mongo,bipartisanism,2.0
melaniesokhey,shannonrwatts,2.0
thedahlimmama,bipartisanism,2.0
elsbet,lgbtqnation,2.0
samantharichar8,shannonrwatts,2.0
webmiss007,bennydiego,3.0
msrock4ever,brucepknight,2.0
msrock4ever,leedog33,2.0
lyndenrussell,lgbtqnation,5.0
rhrealitycheck,socialworkersrj,3.0
rhrealitycheck,dustylrae,2.0
rhrealitycheck,cfinnyc,2.0
rhrealitycheck,ircrc,2.0
rhrealitycheck,dchawkhughesnet,2.0
rhrealitycheck,bestoftheleft,2.0
rhrealitycheck,clinicvest,2.0
rhrealitycheck,ericschrimshaw,2.0
rhrealitycheck,marabout40,2.0
rhrealitycheck,katie_speak,2.0
blueocean5454,bipartisanism,2.0
oldyella49,bipartisanism,2.0
plzztakemylife,lgbtqnation,3.0
maehamilton1,jameshaning,2.0
maehamilton1,dtlal,4.0
jawedup,thedailyedge,2.0
ksoswaggy,bipartisanism,2.0
ayee_dri_inn,thedailyedge,2.0
deniseizac,bipartisanism,5.0
deedeekoss,bipartisanism,3.0
vetohb1228,georgiemutt,2.0
vetohb1228,freedomtowork,2.0
vetohb1228,jstew0578,3.0
vetohb1228,stoprfra,8.0
alain_hardy,rawstory,2.0
1c75a,bipartisanism,2.0
lengelhorn,mcspocky,2.0
palliceleigh,therightswrong,2.0
palliceleigh,bipartisanism,3.0
inked1bna,jameshaning,2.0
bpopetv,ericrtv6,2.0
sophialamar1,lgbtqnation,2.0
sophialamar1,racismolizer,2.0
sophialamar1,bipartisanism,2.0
weaselboy2,jeffersonobama,2.0
i_am_thechange,davidromeiphd,2.0
magicalbarbie,thedailyedge,2.0
alisonspalding2,bipartisanism,2.0
elfenkreis,bipartisanism,4.0
wrightbret,lgbtqnation,2.0
isell2dds,bipartisanism,2.0
edelruth,bipartisanism,2.0
portiaaboulger,bennydiego,2.0
daniel_lago101,immigrantnacion,35.0
daniel_lago101,kimberly_canete,2.0
pzielberg,jameshaning,4.0
rosita012156,numanzor237,2.0
rosita012156,nelsyumanzor,2.0
4nbltruths,oatcake1967,9.0
4nbltruths,edcoop5000,6.0
4nbltruths,occupythemob,3.0
4nbltruths,arcticfox_am_i,2.0
franz5280,lgbtqnation,4.0
franz5280,homopolitico,2.0
franz5280,worldmist1,3.0
joew_p,occupythemob,2.0
occupyrmn,jwheels74,5.0
occupyrmn,bsfil,11.0
occupyrmn,zanezodrow,13.0
mintredpr,gapinc,2.0
goodtwitty,shannonrwatts,2.0
parchedplanet,bipartisanism,2.0
tamerlaneblog,freedom_indiana,2.0
nickybennett81,midwestpatrick,6.0
nickybennett81,meusa,3.0
3pennymovies,ozchrisrock,2.0
brianpiero,bipartisanism,3.0
shar76,bipartisanism,2.0
vicky91708226,kimberly_canete,2.0
saforman,bipartisanism,2.0
oodmoodfood,dchomos,2.0
davidromeiphd,mobygrapefan,2.0
davidromeiphd,muffet70,3.0
davidromeiphd,meadstweet,2.0
davidromeiphd,bbcusa173,2.0
davidromeiphd,onlytruthreign,5.0
davidromeiphd,thomasb00001,2.0
davidromeiphd,ejaz_moghal,5.0
davidromeiphd,favthngs,2.0
davidromeiphd,nickjacklaus,2.0
davidromeiphd,186darrellbezet,2.0
davidromeiphd,erconger,2.0
davidromeiphd,cbecker55373,2.0
davidromeiphd,shells2014,3.0
davidromeiphd,jakerocksalot16,2.0
davidromeiphd,anartdecodiva,2.0
davidromeiphd,stefsstuff,2.0
davidromeiphd,realtybird,2.0
davidromeiphd,zoneybelle,2.0
davidromeiphd,arcticfox_am_i,5.0
davidromeiphd,librewausau,2.0
davidromeiphd,rich7142003,2.0
davidromeiphd,beccaarch,2.0
davidromeiphd,sardnas51,3.0
davidromeiphd,jsc1835,2.0
davidromeiphd,keithsharpe7,3.0
davidromeiphd,kenneth94846174,3.0
davidromeiphd,ubervaper,5.0
davidromeiphd,el_racionalista,2.0
davidromeiphd,obama4more,2.0
davidromeiphd,richcasa,2.0
davidromeiphd,jagbusanne,2.0
davidromeiphd,mooncatadams,3.0
davidromeiphd,sisinricii,2.0
davidromeiphd,ez4u2say_janis,2.0
davidromeiphd,libruldolphin,2.0
davidromeiphd,conssuck,2.0
davidromeiphd,anniesage,3.0
davidromeiphd,b140tweet,9.0
davidromeiphd,shire46,2.0
davidromeiphd,robertmihaly1,3.0
davidromeiphd,alvaro25,2.0
davidromeiphd,chpsre,5.0
davidromeiphd,hollesharon,2.0
davidromeiphd,danieljodonnell,2.0
davidromeiphd,mchamric,2.0
davidromeiphd,dawgfansteve64,2.0
davidromeiphd,ouiseone,4.0
davidromeiphd,jjbenz19,3.0
davidromeiphd,gazareports,3.0
davidromeiphd,bluegigi,2.0
davidromeiphd,albertdeascenti,2.0
davidromeiphd,duaneg,2.0
davidromeiphd,coopah,2.0
davidromeiphd,winterthur,2.0
davidromeiphd,crazyuncle3,2.0
davidromeiphd,jack2john,2.0
davidromeiphd,marcylauren,3.0
davidromeiphd,gift2usa,2.0
davidromeiphd,densnij,4.0
davidromeiphd,karecki1,2.0
davidromeiphd,shanemurphy1981,2.0
davidromeiphd,saysshetoday,2.0
davidromeiphd,wonderfullone,2.0
davidromeiphd,crfontaine,2.0
davidromeiphd,cberrl,3.0
davidromeiphd,montesmontes170,2.0
davidromeiphd,thomasclark92,3.0
davidromeiphd,askmjj,11.0
davidromeiphd,ydanasmithdutra,2.0
davidromeiphd,garageleague66,2.0
davidromeiphd,mindfulspirit3,2.0
davidromeiphd,blumtgrldebbie,2.0
davidromeiphd,lawrenceangbk,2.0
davidromeiphd,pattysmattyvt,2.0
davidromeiphd,tjwoodstockny,3.0
susannamatte,disler_frank,2.0
susannamatte,bennydiego,5.0
susannamatte,bipartisanism,6.0
laureldavilacpa,thomasclark92,2.0
laureldavilacpa,hollesharon,4.0
laureldavilacpa,dreamer9177,2.0
laureldavilacpa,gift2usa,3.0
laureldavilacpa,drspl5,2.0
laureldavilacpa,janf06,2.0
laureldavilacpa,1sueshine,2.0
laureldavilacpa,crimsonboar5,2.0
milheril,dchomos,2.0
jeffl76,irenelouisekoch,2.0
jeffl76,imwatchingtoo,2.0
jeffl76,gift2usa,2.0
jeffl76,richcasa,2.0
jeffl76,97gulogulo,2.0
everyonein,equalityrising_,3.0
icanenguez,immigrantnacion,36.0
vrhax,bipartisanism,2.0
obbiecole,bipartisanism,2.0
b_umanzor,itsshoboy,2.0
rustyabrams5150,bipartisanism,3.0
gemorace,jameshaning,2.0
elaineprettyeye,bipartisanism,3.0
kbhowells,gapinc,2.0
dierdrelewis,someopinions,2.0
dierdrelewis,bipartisanism,4.0
arturo_zarazua,immigrantnacion,34.0
niyol_biligaana,denniskoch10,2.0
jacktimar,bipartisanism,2.0
veerrkin,omarkuddus,2.0
thealien_earth,bipartisanism,2.0
sardnas51,thedailyedge,2.0
sardnas51,bipartisanism,5.0
caroleturner,ozchrisrock,2.0
searean2,bipartisanism,2.0
mblueisland5667,jameshaning,2.0
trplback,jimmybear2,2.0
ogoper,thedailyedge,3.0
ogoper,jameshaning,2.0
ogoper,bipartisanism,8.0
mke_philosophy,freedom_indiana,2.0
martinfabrizio2,bipartisanism,3.0
foxbusiness,nathanwj,2.0
foxbusiness,macresslertech,2.0
politicallylib,bipartisanism,2.0
truthbuster,bipartisanism,2.0
bjcrochet,lgbtqnation,7.0
bjcrochet,jameshaning,2.0
harveyal2015,jameshaning,3.0
granby8over,bipartisanism,2.0
schultztana,bipartisanism,6.0
being151,bipartisanism,2.0
usefulnotes_,wish_tv,2.0
donnalburnell,jameshaning,2.0
fifiring,bipartisanism,3.0
emmageorge_,ozchrisrock,2.0
mostlydogs,jeffwired,2.0
nefariousaryq,stipton82,5.0
nefariousaryq,indianayoungdem,2.0
nefariousaryq,vetosb101,3.0
nefariousaryq,freedom_indiana,7.0
nefariousaryq,evanwest1,2.0
nefariousaryq,trendsindy,7.0
nefariousaryq,ericrtv6,2.0
deaconessblues,bipartisanism,3.0
bbcusa173,shannonrwatts,2.0
bbcusa173,equalityrising_,2.0
bbcusa173,bipartisanism,3.0
ratchetdude,dchomos,2.0
nakaka_,thinkatheist,2.0
erconger,bipartisanism,3.0
mireyazarazua,immigrantnacion,34.0
junkiecentric,lgbtqnation,4.0
junkiecentric,midwestpatrick,2.0
junkiecentric,dchomos,4.0
junkiecentric,jameshaning,4.0
junkiecentric,bipartisanism,4.0
zymergy2,equalityrising_,2.0
bamprincess11,bipartisanism,2.0
stenj2,jameshaning,2.0
vaniesiamartin,bipartisanism,2.0
skookerg,ozchrisrock,2.0
skookerg,msignorile,2.0
estebankleinn,dchomos,3.0
bebird,bipartisanism,3.0
mbbiba,bipartisanism,2.0
dougnorth75,ctdems,2.0
dougnorth75,bipartisanism,3.0
rockportbasset,bipartisanism,4.0
jdhill1674,jameshaning,3.0
car1isp,ryanjharmon,2.0
car1isp,bipartisanism,3.0
winn1_winn,jimmybear2,3.0
winn1_winn,drhug,2.0
winn1_winn,darealgiovanni,2.0
myopiabillson,viewfromwise,2.0
jack2john,mindfulspirit3,2.0
jack2john,jameshaning,6.0
jack2john,bipartisanism,4.0
tobyjack,sallykohn,2.0
tobyjack,jameshaning,2.0
kathy_hallacy,bipartisanism,3.0
fraustoza,richardohornos,2.0
crazyuncle3,thedailyedge,2.0
crazyuncle3,rawstory,2.0
crazyuncle3,freedom_indiana,2.0
crazyuncle3,coton_luver,2.0
crazyuncle3,bipartisanism,14.0
crazyuncle3,jameshaning,3.0
athe1stp0wer,_xeal_,2.0
athe1stp0wer,heretic__13,2.0
athe1stp0wer,netoarico,2.0
dclincoln761,bipartisanism,5.0
dclincoln761,viewfromwise,3.0
l_ron_hoyabembe,jameshaning,2.0
mariandclough,washtimes,3.0
bhutton48,nancywonderful,2.0
kaygirl81,marc_perrone,3.0
jsc1835,marmel,2.0
terbear7505,bipartisanism,2.0
afaduln2,kharyp,2.0
afaduln2,equalityrising_,2.0
afaduln2,mcspocky,3.0
afaduln2,lorion,2.0
afaduln2,bipartisanism,3.0
sophie_d_t,bipartisanism,2.0
mystiwoman,bipartisanism,2.0
dreamweasel,denniskoch10,2.0
dreamweasel,artpenelli1974,2.0
thinkatheist,dannygeorge09,2.0
thinkatheist,pan_gq_66,2.0
thinkatheist,pedrovb13,2.0
thinkatheist,dhamma_punk,2.0
thinkatheist,reid_co,3.0
thinkatheist,tylerprice1096,2.0
thinkatheist,alexrincon00,2.0
thinkatheist,demontialto,2.0
thinkatheist,mrf61,2.0
thinkatheist,weaponxkp21,2.0
thinkatheist,atheist____,2.0
thinkatheist,clare98143,3.0
thinkatheist,hoppinpoppies,2.0
thinkatheist,kalelantern,2.0
thinkatheist,pivz1,2.0
thinkatheist,catholicmomsays,2.0
thinkatheist,taoist_skeptic,2.0
thinkatheist,bcdog279,4.0
thinkatheist,solocurve,2.0
thinkatheist,atbsky,2.0
thinkatheist,albatrosslost,2.0
thinkatheist,quintonajacobs,2.0
thinkatheist,cadetkb,4.0
thinkatheist,ausqld4152,2.0
thinkatheist,janakaibanana,2.0
thinkatheist,thegothking,2.0
thinkatheist,o_edipus,2.0
donatidaily,bipartisanism,2.0
tuckahoetommy,lukerussert,2.0
mj_palin,thedailyedge,2.0
davidromano72,goodasyou,2.0
davidromano72,stoprfra,2.0
albertcombrink,thedailyedge,2.0
cowgirllawyer,bipartisanism,3.0
rocastillor,bipartisanism,2.0
mahogany1992,ozchrisrock,2.0
mahogany1992,bennydiego,2.0
mahogany1992,bipartisanism,3.0
kristenmgruber,freedom_indiana,2.0
eightmilelive,wish_tv,2.0
eightmilelive,bipartisanism,3.0
sprbrighting,thedailyedge,2.0
danielleiat,bradhoylman,2.0
sixtyfivegt,thedailyedge,2.0
sixtyfivegt,mcspocky,2.0
jimmybear2,geepennin,2.0
jimmybear2,hazi224,2.0
jimmybear2,willeamon,2.0
jimmybear2,joe_dirty,2.0
jimmybear2,mrbilmarti,4.0
jimmybear2,socallks,2.0
jimmybear2,rockinwil,2.0
jimmybear2,jasinsocal,2.0
jimmybear2,186darrellbezet,2.0
jimmybear2,herrick_a,2.0
jimmybear2,michaelmbandy,3.0
jimmybear2,somesayinfo,3.0
jimmybear2,fabulousferengi,4.0
jimmybear2,rawolf35,2.0
jimmybear2,whitebg19611,2.0
jimmybear2,doubtingtomfmi,6.0
jimmybear2,bannerite,3.0
jimmybear2,goprapebuster,2.0
jimmybear2,poorhouseless,2.0
jimmybear2,mch7576,2.0
jimmybear2,anniesage,3.0
jimmybear2,gizmo3217,2.0
jimmybear2,mininurse,2.0
jimmybear2,ross_7_7,12.0
jimmybear2,stwallace23,2.0
jimmybear2,drspl5,2.0
jimmybear2,denniskoch10,2.0
jimmybear2,irhystay,2.0
jimmybear2,marcylauren,6.0
jimmybear2,egjaen,2.0
jimmybear2,usedtobgop,3.0
jimmybear2,ms_mims,5.0
jimmybear2,oregonlib,4.0
jimmybear2,fyination,5.0
jimmybear2,ch3r0kee09,2.0
jimmybear2,bduritsky,2.0
irhystay,bipartisanism,4.0
lesanne12,jameshaning,2.0
joesudbay,msignorile,2.0
whitetimothyd,freedom_indiana,3.0
billupsryan,bipartisanism,2.0
kryzianayeli,mcspocky,2.0
kadieusa,bipartisanism,2.0
dave_moss,freedom_indiana,2.0
eatlotsmorevegg,stoprfra,2.0
workingtrucker,coldandnervous,2.0
arismendi_9,immigrantnacion,35.0
arismendi_9,kimberly_canete,2.0
rhea_bc,lgbtqnation,4.0
j_baker_69,zanezodrow,2.0
suz8863,bennydiego,2.0
suz8863,bipartisanism,4.0
earlgreene,bipartisanism,2.0
281salinas,immigrantnacion,36.0
marti431uew,zonkerpa,2.0
xwex,ozchrisrock,2.0
hoosierville,wilson46201,2.0
xblitzkittyx,sallykohn,2.0
da91584d04e5402,sallykohn,2.0
pamalagriffin,freedom_indiana,2.0
hoosercharles58,viewfromwise,3.0
olsen_lynn,jameshaning,3.0
vanessatexx,sallykohn,2.0
diannesanluis,marc_perrone,2.0
trixies3,gapinc,2.0
dksj1029,drhug,2.0
dksj1029,bipartisanism,2.0
jamesfnpanic,jameshaning,2.0
jamesfnpanic,bipartisanism,2.0
hrc,gapinc,2.0
dianemariereid,bipartisanism,2.0
lord_of_the_net,bipartisanism,5.0
therightimagelv,bennydiego,3.0
realpolitics_la,jameshaning,4.0
joonsgooz,bipartisanism,4.0
dessolee,lgbtqnation,7.0
butter_queen12,lgbtqnation,2.0
dreamitnowdoit,marc_perrone,2.0
farnellmusic,thedailyedge,2.0
farnellmusic,bipartisanism,4.0
trekkersteve,lgbtqnation,2.0
splcenter,studentsunified,2.0
splcenter,nefariousnewt,2.0
popcornonmybeef,dchomos,2.0
rocb2011ca,itsshoboy,2.0
katie_speak,midwestpatrick,2.0
edmeyer_able,bennydiego,2.0
salgualano,stoprfra,2.0
arkangelkaida1,immigrantnacion,36.0
starseed52,nancywonderful,2.0
equality_cactus,lgbtqnation,3.0
_carja,jameshaning,2.0
lifeisloveamar,shannonrwatts,2.0
drtdogg,ozchrisrock,2.0
happykt,bipartisanism,2.0
artesianblue,wish_tv,2.0
artesianblue,bipartisanism,2.0
ee_stephen,lgbtqnation,3.0
kimberly_canete,juancar53561596,2.0
kimberly_canete,delfi_aguas,2.0
kimberly_canete,reform19,2.0
kimberly_canete,camila_1st,2.0
kimberly_canete,angelar82324380,2.0
kimberly_canete,dguezvd,2.0
kimberly_canete,mariwaters13,2.0
kimberly_canete,nj_blue_,2.0
kimberly_canete,famtasma1977,2.0
kimberly_canete,hansel_gmail,2.0
kimberly_canete,usfassio,2.0
kimberly_canete,tinnaoseguera,2.0
kimberly_canete,11m_4reform,2.0
kimberly_canete,immigrantnacion,36.0
kimberly_canete,stop_them_now_,2.0
kimberly_canete,fatima_1st,2.0
kimberly_canete,banfael,2.0
kimberly_canete,immigrant1__,2.0
kimberly_canete,_immigrant__,2.0
kimberly_canete,ed59244,2.0
kimberly_canete,esp_67,2.0
kimberly_canete,delfinaa7,2.0
kimberly_canete,macaalanis3,2.0
kimberly_canete,mdaaaguas,2.0
kimberly_canete,hans24uy,2.0
kimberly_canete,orozcographics,2.0
kimberly_canete,reform_4,2.0
kimberly_canete,zarazua_bianka,2.0
kimberly_canete,cruzmaritz,2.0
kimberly_canete,pusiosa2013,2.0
kimberly_canete,mel315dezert,2.0
kimberly_canete,_nonsense88,2.0
kimberly_canete,pass_bill,2.0
kimberly_canete,eduardoaguas956,2.0
kimberly_canete,ravelo1964,2.0
kimberly_canete,arismendigladys,2.0
kimberly_canete,immigrantnat1on,2.0
kimberly_canete,latinosunidos8,2.0
kimberly_canete,_anacdiaz,2.0
kimberly_canete,not1morede,2.0
kimberly_canete,yolandamuniz7,2.0
kimberly_canete,nj_vote,2.0
kimberly_canete,perez_marucha,2.0
kimberly_canete,imref2015,2.0
wish_tv,redfoxxnelson,2.0
wish_tv,dookie_dook,2.0
wish_tv,statehouselive,2.0
wish_tv,martinsvllehope,2.0
wish_tv,colonelharmon,2.0
wish_tv,arn123d,2.0
wish_tv,crimsonboar5,2.0
wish_tv,idena_lewis,2.0
gracemurphy2,bipartisanism,2.0
inkrunirma,bipartisanism,2.0
pie_socialmedia,jameshaning,4.0
pie_socialmedia,bipartisanism,4.0
markewojcik,freedom_indiana,2.0
markvanausdal,bennydiego,2.0
markvanausdal,bipartisanism,2.0
glenharvey6,bipartisanism,11.0
latinosdecideya,richardohornos,2.0
chpsre,thedailyedge,2.0
chpsre,bipartisanism,6.0
holsombackleeza,bipartisanism,3.0
p0tus,bipartisanism,2.0
lavenderblue27,thedailyedge,3.0
lukerussert,cogrannie,2.0
lukerussert,michaellarosadc,2.0
lukerussert,gagripin,2.0
lukerussert,cprokope,2.0
misolimpia,bipartisanism,2.0
phdteresa,shannonrwatts,2.0
sugaree71,missb62,2.0
ed59244,immigrantnacion,36.0
furau__koujiro,gapinc,2.0
mdbmama,drhug,2.0
__emilycox__,bipartisanism,2.0
wanderer19,showpatience,2.0
wanderer19,thedailyedge,2.0
laotzu999,mcspocky,2.0
aschrade42m,lgbtqnation,2.0
rockymissouri,jeffersonobama,2.0
rockymissouri,bipartisanism,2.0
danteb4u,bipartisanism,2.0
mairkor,bipartisanism,2.0
mollybrown28,shannonrwatts,2.0
cigardaisy311,bipartisanism,2.0
nelsyumanzor,patriciabyrd32,2.0
nelsyumanzor,ninamills,2.0
heathergothica,jameshaning,4.0
heathergothica,freedom_indiana,5.0
cychoszkirk,jameshaning,2.0
mobygrapefan,shannonrwatts,2.0
mobygrapefan,jeffersonobama,2.0
mobygrapefan,bipartisanism,5.0
33greeper,crazylary51,2.0
alexisjennelle,freedom_indiana,2.0
grandmasheila,thedailyedge,2.0
grandmasheila,bipartisanism,2.0
tjwoodstockny,thedailyedge,2.0
tjwoodstockny,janec1890,2.0
tjwoodstockny,ericwolfson,2.0
tjwoodstockny,bennydiego,2.0
tjwoodstockny,bipartisanism,4.0
deesultimaterev,thedailyedge,2.0
joshtoby87,freedom_indiana,2.0
ranfanky,bipartisanism,3.0
ndk1993,freedom_indiana,3.0
gibelgob,freedom_indiana,2.0
usandindia,jayanarayanvp,2.0
getitrite1,bipartisanism,2.0
wolfie_smythe,bipartisanism,3.0
spiderzjay,racismolizer,2.0
spiderzjay,bipartisanism,4.0
dhhetnandez,equalityrising_,2.0
dhhetnandez,bipartisanism,2.0
575haiku,equalityrising_,3.0
575haiku,jameshaning,4.0
575haiku,bennydiego,3.0
575haiku,theodoricofyork,2.0
575haiku,bipartisanism,4.0
likuspj,jameshaning,6.0
likuspj,freedom_indiana,2.0
willeamon,brucepknight,2.0
willeamon,jameshaning,2.0
1amwoman,lgbtqnation,2.0
1amwoman,homopolitico,3.0
1amwoman,gapinc,2.0
1amwoman,freedom_indiana,2.0
anndes20,bipartisanism,2.0
richcasa,bipartisanism,2.0
kathyslaughter,bipartisanism,2.0
fanaticflamee,occupythemob,2.0
bells110,bipartisanism,2.0
jhat1947,jameshaning,2.0
jhat1947,shannonrwatts,2.0
jhat1947,thedailyedge,2.0
jhat1947,bjork55,3.0
jhat1947,bipartisanism,4.0
adoraadoreher,normdguerreindy,2.0
interpretingall,bennydiego,2.0
interpretingall,freedom_indiana,4.0
interpretingall,bipartisanism,2.0
psyc2nr,e140tweet,4.0
cafalk,bipartisanism,2.0
progressiveinga,freedom_indiana,2.0
bluegigi,bipartisanism,4.0
jserves,gapinc,2.0
thebaxterbean,bipartisanism,2.0
missb62,sallykohn,2.0
missb62,thedailyedge,4.0
nelsitou2014,itsshoboy,2.0
jamiesanssuchan,bipartisanism,2.0
thegreat_waazoo,equalityrising_,2.0
bduritsky,thedailyedge,2.0
bduritsky,stoprfra,2.0
bduritsky,bipartisanism,2.0
bduritsky,lgbtqnation,4.0
bduritsky,jameshaning,5.0
politicques,bipartisanism,2.0
idena_lewis,bipartisanism,2.0
gihzo,bipartisanism,2.0
pusiosa2013,immigrantnacion,36.0
franksnstein,bipartisanism,2.0
pottymouth43,bipartisanism,2.0
afrimberisha09,dchomos,2.0
ltecato,shannonrwatts,2.0
swoozie123,bipartisanism,2.0
lexieroberts4u,theadvocatemag,2.0
nikluk,shannonrwatts,4.0
nikluk,bipartisanism,2.0
vindersky,bipartisanism,2.0
dhamma_punk,bipartisanism,5.0
nboston79,jamiastarheart,2.0
nboston79,shannonrwatts,2.0
nboston79,viewfromwise,5.0
nboston79,drhug,2.0
nboston79,politolizer,3.0
nboston79,lorion,7.0
nboston79,bipartisanism,9.0
jaibee007,lgbtqnation,2.0
jaibee007,gapinc,2.0
brewen,washtimes,2.0
realslimbraidy,bipartisanism,2.0
politicalbee,bipartisanism,3.0
banfael,immigrantnacion,35.0
anna_limontassa,bipartisanism,2.0
nrapparport,bipartisanism,2.0
grid_grid,bipartisanism,3.0
ilikejoaquin,homopolitico,2.0
mininurse,brucepknight,2.0
mininurse,thedailyedge,3.0
mininurse,bipartisanism,3.0
knowdtruth44,sallykohn,2.0
rawstory,upayr,4.0
rawstory,richardcircle,2.0
rawstory,sister_w,2.0
rawstory,marcylauren,3.0
rawstory,theyyjmajor,2.0
rawstory,mojojaxville,2.0
rawstory,seriousone1975,2.0
kamgirl47,drhug,2.0
liberalbuckeye,freedom_indiana,3.0
clementsira,bipartisanism,2.0
jkmanring,bipartisanism,2.0
gayleyoungs,lgbtqnation,3.0
gayleyoungs,bipartisanism,2.0
doralicia1970,bipartisanism,4.0
lsalander13,bipartisanism,2.0
shelbycies,ozchrisrock,2.0
decotodd,msignorile,3.0
decotodd,stoprfra,2.0
robmendoza351,dchomos,3.0
stevenlhess,ozchrisrock,2.0
mindfulspirit3,thedailyedge,2.0
mindfulspirit3,bennydiego,3.0
mindfulspirit3,bipartisanism,2.0
graceslick77,backstorymom1,2.0
contentcanadian,ozchrisrock,2.0
athelind,bipartisanism,2.0
sajidarroyojr,occupythemob,2.0
tfehartytoons,bipartisanism,3.0
dario99223446,richardohornos,2.0
gooseblahblah,bipartisanism,2.0
cheytwi,bipartisanism,2.0
thomassova4,shannonrwatts,2.0
etapresident,bipartisanism,2.0
alexariasboyd,bipartisanism,2.0
kusskaravan,freedom_indiana,2.0
josephpastrana,bipartisanism,2.0
josephpastrana,omarkuddus,2.0
vilma_lo,itsshoboy,2.0
andreahavey,bipartisanism,2.0
terri_georgia,mcspocky,4.0
terri_georgia,bipartisanism,5.0
helenmag,shannonrwatts,6.0
helenmag,thedailyedge,2.0
nirxana,thedailyedge,2.0
minilauren,bipartisanism,6.0
jefflongga,ozchrisrock,2.0
thegoodbuck,bipartisanism,2.0
mooneyes1332,gapinc,2.0
melaion,dchomos,2.0
colonelharmon,jameshaning,3.0
colonelharmon,ryanjharmon,2.0
colonelharmon,bipartisanism,4.0
jtcsauntie,jameshaning,3.0
oldlady12345,lgbtqnation,13.0
oldlady12345,lancebass,3.0
anoncdn,bipartisanism,2.0
bellobass,thedailyedge,2.0
chachalina55,lgbtqnation,2.0
mike_eh_52,thedailyedge,2.0
mike_eh_52,bipartisanism,5.0
vividiaz1126,richardohornos,2.0
vividiaz1126,bipartisanism,2.0
lizzy_reinholt,freedom_indiana,2.0
supportpurvi,ircrc,2.0
joettekurelko,sallykohn,2.0
blindmanwalk,bipartisanism,2.0
httpstatus402,midwestpatrick,2.0
dubplatedoris,bipartisanism,4.0
mch7576,thedailyedge,3.0
mch7576,garzavillanueva,2.0
mch7576,djmorrison01,2.0
mch7576,mchamric,3.0
mch7576,kharyp,2.0
mch7576,bennydiego,2.0
mch7576,bipartisanism,4.0
mch7576,oyekuise,2.0
thehessaspect,bashore101,2.0
jwheels74,lgbtqnation,2.0
jwheels74,occupythemob,2.0
jwheels74,bipartisanism,2.0
bmazerati,bipartisanism,2.0
nbenitez1977,itsshoboy,2.0
johnwarrenfoley,thedailyedge,2.0
almycah09,occupythemob,2.0
suburbanreader,aworldoutofmind,2.0
mcspocky,windsordw,2.0
mcspocky,bluebonnetbunny,2.0
mcspocky,ethomas3915,2.0
mcspocky,mullenpmullen,2.0
mcspocky,cuntrybouy,2.0
mcspocky,cscstars,2.0
mcspocky,junearbogast,2.0
mcspocky,advocatebratty,2.0
mcspocky,hothummus,2.0
mcspocky,thomasclark92,2.0
mcspocky,praedor,2.0
mcspocky,butte_tocks,2.0
mcspocky,rethugwatch,5.0
mcspocky,zardoz420wpn,3.0
mcspocky,mickivoss,2.0
mcspocky,scrab8448,3.0
mcspocky,twitlertwit,2.0
mcspocky,lorion,3.0
mcspocky,mozi_n,2.0
mcspocky,planetbratfink,2.0
mcspocky,marcylauren,4.0
mcspocky,egjaen,2.0
mcspocky,jessxbrielle,2.0
mcspocky,team_liber8,3.0
mcspocky,blumtgrldebbie,3.0
mcspocky,d3clark48,4.0
seanmucci,washtimes,2.0
totisantiago,gaystarnews,4.0
jsolzzz,lgbtqnation,2.0
eaosher,bipartisanism,2.0
richardharris32,bipartisanism,2.0
jackiewillard2,thedailyedge,2.0
jackiewillard2,jameshaning,2.0
jackiewillard2,bipartisanism,3.0
charliehackett8,bipartisanism,2.0
wacky_noodle,freedom_indiana,2.0
rodee55,occupythemob,3.0
atticus424,gapinc,2.0
rmj_rosa,equalityrising_,2.0
rmj_rosa,bipartisanism,2.0
enigmanetxx,valerie0714,2.0
newtwittier,thedailyedge,2.0
meclosets,carmenvellon,4.0
meclosets,0103lrl,2.0
luzzybo,bipartisanism,2.0
maysville854,lgbtqnation,5.0
wonderfullone,jameshaning,3.0
wonderfullone,bennydiego,2.0
wonderfullone,bipartisanism,2.0
leemadden001,politics_pr,2.0
melissasohn,washtimes,2.0
jadjreige1,dchomos,2.0
wandainparis,hans_hirschi,3.0
indystar,charlienyephoto,2.0
stipton82,freedom_indiana,2.0
josmndsn,bipartisanism,3.0
sducane,reedtyler,3.0
heyirish,bipartisanism,2.0
kellybartonart,freedom_indiana,2.0
mtnbiker641long,gapinc,2.0
lilyinfidel,thedailyedge,2.0
possiblyjorge,bipartisanism,2.0
bsfil,wolfeprowler1,2.0
bsfil,andrea_lynne88,2.0
bsfil,zanezodrow,22.0
bsfil,labormi,2.0
bsfil,micahsgrrl,2.0
imgayhealthblog,dsurman,2.0
msalgado57,thedailyedge,2.0
nick_hardeman,dchomos,2.0
postwomanmovie,jameshaning,2.0
clrih9,sallykohn,4.0
clrih9,drhug,2.0
clrih9,bennydiego,3.0
clrih9,freedom_indiana,2.0
clrih9,bipartisanism,2.0
raccoonwolf1,bipartisanism,2.0
b_mad_chil_229,bipartisanism,2.0
zmezzo412,bipartisanism,2.0
negrondoc,zonkerpa,2.0
negrondoc,equalityrising_,2.0
negrondoc,thedailyedge,2.0
negrondoc,bipartisanism,4.0
insiderwisdom25,bipartisanism,2.0
perrycolemanhog,jameshaning,3.0
anja_witt,jameshaning,2.0
promeese,dchomos,2.0
briangilad,lgbtqnation,12.0
briangilad,equalityrising_,3.0
briangilad,gaystarnews,2.0
briangilad,jameshaning,2.0
nohate_equality,lgbtqnation,2.0
leighewing13,jameshaning,3.0
echopda,freedom_indiana,2.0
echopda,bipartisanism,4.0
tuckertown,angiecoiro,2.0
mrwclarkson,bipartisanism,3.0
jackbmills,bipartisanism,2.0
babymonkeybear,equalityrising_,2.0
kdj539,bipartisanism,2.0
anadaguas,immigrantnacion,34.0
faobobindc,art2u2,2.0
mklavers81,washblade,8.0
mklavers81,kempwrites,2.0
mklavers81,fredkwint,3.0
ch3r0kee09,libtardlimbaugh,3.0
tomhall,mrlouis60,2.0
tomhall,mbla807,2.0
tomhall,marc_perrone,4.0
tomhall,spacetimeltd,2.0
tomhall,po00et,2.0
tomhall,teeheeheemcfee,2.0
tomhall,mercifulangel40,2.0
bluedillygal,bipartisanism,4.0
runswithpillows,jameshaning,2.0
1stworldmusic,bipartisanism,4.0
bsmyley,bipartisanism,2.0
cprokope,ozchrisrock,2.0
hans24uy,immigrantnacion,36.0
dee_summers,marc_perrone,2.0
captcaywick,freedom_indiana,2.0
gaydowntown,dtlal,2.0
marybellimon4,richardohornos,2.0
marybellimon4,ninamills,2.0
favthngs,bipartisanism,4.0
orange_juece,bipartisanism,12.0
justinwuffywags,bipartisanism,2.0
msignorile,sydweedon,2.0
msignorile,martinnc31,3.0
msignorile,barryhingley,3.0
msignorile,the_woch_man,2.0
msignorile,equalitync,2.0
msignorile,gay_global_news,2.0
msignorile,mvihlen1,2.0
msignorile,thetonygee,3.0
msignorile,thepalmerscott,2.0
msignorile,mistabaka,2.0
msignorile,fredburton13,2.0
msignorile,goprapebuster,2.0
msignorile,equalandproud,2.0
msignorile,libjamesbond007,2.0
msignorile,danieljodonnell,2.0
msignorile,scrab8448,2.0
msignorile,kool111gifts,5.0
msignorile,kenkiddnyc,2.0
msignorile,__artie__,2.0
msignorile,michigan_homo,2.0
msignorile,gurrdygirl,2.0
msignorile,cbecker55373,2.0
msignorile,leftyblue13,3.0
msignorile,stevenmooresfo,4.0
msignorile,magyck_moon,2.0
msignorile,iamtimsteele,6.0
msignorile,d3clark48,3.0
madisonleigh88,charlienyephoto,2.0
drsheldon_dc,bipartisanism,2.0
msrachelroseg,bipartisanism,3.0
margaretherapy,ozchrisrock,2.0
otorongo1,bipartisanism,3.0
amyhonest,bipartisanism,3.0
mollieemo,freedom_indiana,4.0
fercr13,immigrantnacion,36.0
98cowboys,serpentine202,2.0
jsfiander,jameshaning,3.0
jsfiander,bipartisanism,2.0
twitlertwit,thedailyedge,3.0
twitlertwit,ariuszme,2.0
twitlertwit,drhug,2.0
twitlertwit,art2u2,2.0
twitlertwit,bennydiego,2.0
twitlertwit,bipartisanism,5.0
twitlertwit,jameshaning,2.0
inhsedems,hollesharon,2.0
joyann48,thedailyedge,2.0
koreygaskin,bipartisanism,2.0
wulfwynndaeg,lgbtqnation,4.0
whyimdemocrat,bipartisanism,2.0
freedzhokhar93,thedailyedge,2.0
anyalhas,thedailyedge,3.0
anyalhas,equalityrising_,2.0
anyalhas,bennydiego,3.0
anyalhas,bipartisanism,12.0
anyalhas,sevierhere,2.0
anyalhas,jameshaning,5.0
lordxmen2k,thedailyedge,2.0
lordxmen2k,jameshaning,2.0
lordxmen2k,bennydiego,2.0
lordxmen2k,bipartisanism,3.0
bioannie1,bipartisanism,2.0
hadrienpean,bipartisanism,3.0
cajunwealth,bipartisanism,3.0
no2cctv,occupythemob,2.0
afsan01,reedtyler,2.0
geoff9cow,bennydiego,3.0
mermanmarty,freedom_indiana,3.0
tntweetersusa,itsshoboy,2.0
equalnationwide,lgbtqnation,6.0
aaronlaxton,freedom_indiana,2.0
aaronlaxton,d3clark48,2.0
sacoola,newday,2.0
ericgobucks,bipartisanism,2.0
desert_hermit,bipartisanism,2.0
presc7,dchomos,2.0
calacocitty,ozchrisrock,4.0
demontialto,pamelageller,2.0
loincloth71,jameshaning,3.0
loincloth71,freedom_indiana,2.0
badwolf303,bennydiego,2.0
garzavillanueva,immigrantnacion,36.0
garzavillanueva,gopnoway,2.0
garzavillanueva,someopinions,2.0
garzavillanueva,cristoramirez15,2.0
taratuttle,lgbtqnation,2.0
taratuttle,meusa,2.0
northkats,bipartisanism,2.0
muisicrazy,lgbtqnation,3.0
jhy001,thedailyedge,3.0
johnfurrtoronto,bipartisanism,2.0
bartnbeka,bipartisanism,2.0
1bigwidesky,bipartisanism,3.0
alexkeithmyrick,bipartisanism,3.0
gary112,thedailyedge,2.0
gary112,jameshaning,2.0
gary112,bipartisanism,5.0
okurmawmaganja,bipartisanism,2.0
therightlies,therightswrong,2.0
paulmyerspm,bipartisanism,3.0
calatayud7,shannonrwatts,2.0
cozella,dtlal,2.0
sbrentsimpson,bipartisanism,3.0
peedee1954,bennydiego,2.0
dorkygaymerboy,dchomos,2.0
peggoevans,thedailyedge,2.0
adam_hazlett,freedom_indiana,2.0
marabout40,bipartisanism,2.0
survivalxsm,occupythemob,2.0
sarahfyasmin,bipartisanism,2.0
ydna_swimfly,freedom_indiana,2.0
milligan_jeff,lgbtqnation,2.0
milligan_jeff,meusa,2.0
stopdudebros,sallykohn,6.0
oceanside451,bipartisanism,3.0
gopnot4me,riwired,2.0
vernelavurl,bipartisanism,2.0
byattgraham,bipartisanism,2.0
rbergin1036,lgbtqnation,4.0
rbergin1036,jameshaning,7.0
jay_eisley,bipartisanism,2.0
realgilbellows,bipartisanism,2.0
bsygrrrl,stoprfra,4.0
23smlsaleaholic,bipartisanism,2.0
aquart,bipartisanism,3.0
statehouselive,bipartisanism,2.0
petjamwil,bipartisanism,3.0
kimlienesch,bipartisanism,2.0
espuelasvox,gopnoway,2.0
espuelasvox,cristoramirez15,2.0
espuelasvox,uslatino1,2.0
geddyrulz,bennydiego,2.0
hilbabe,jameshaning,2.0
rillitorigata,freedom_indiana,2.0
lechatnoire4,zonkerpa,2.0
904gardener,bipartisanism,2.0
qxnews,washtimes,2.0
craigratcliff61,lgbtqnation,5.0
donlemon,cnntonight,2.0
lynne_shine,washtimes,2.0
wthomasmarks,jameshaning,2.0
rotocorazon8,richardohornos,2.0
godh8swindbags,equalityrising_,2.0
vette73,bipartisanism,2.0
carmenjacoby13,bipartisanism,2.0
catawu,bipartisanism,2.0
maybesew,shannonrwatts,2.0
ninamills,cristoramirez15,2.0
ninamills,gopnoway,2.0
ninamills,borealizz,2.0
ninamills,elidaalonso53,5.0
ninamills,numanzor237,2.0
ninamills,gutierrezarlen,2.0
ninamills,juand8181,2.0
jsepeta,brianpaulstuart,2.0
jsepeta,charlienyephoto,2.0
yetdew,bipartisanism,2.0
badgersbane,bipartisanism,2.0
dguezvd,immigrantnacion,36.0
hijcp,jameshaning,3.0
hijcp,jaybakker,2.0
skymoosie,bipartisanism,2.0
stlgal_36,bipartisanism,2.0
kennydeeder,chrakey,2.0
kennydeeder,voiceconcerns,2.0
tosoonmary,bipartisanism,2.0
mayfieldjoy,bipartisanism,4.0
nauseumm,bipartisanism,6.0
someopinions,normdguerreindy,2.0
someopinions,jameshaning,3.0
someopinions,shannonrwatts,2.0
davidalejnyc,jameshaning,3.0
kathleen6766,bennydiego,2.0
janec1890,angiecoiro,2.0
sweetnonnie,bipartisanism,3.0
cajsa,sallykohn,2.0
thegailygrind,jatyrz,2.0
thegailygrind,queer_america,3.0
thegailygrind,funkoboy,2.0
thegailygrind,prince0745,2.0
dirac7,bipartisanism,2.0
titojazavac,shannonrwatts,2.0
drspl5,thedailyedge,2.0
sharie_kaye,bipartisanism,2.0
rude_boy86,bipartisanism,2.0
sojikari,occupythemob,2.0
sunsentinel,gayweho,2.0
sunsentinel,teslu888,2.0
sunsentinel,allaroundmbrown,2.0
sunsentinel,iwaxx83,2.0
sunsentinel,__artie__,2.0
sunsentinel,kenrwells,2.0
johannesdreijer,bipartisanism,2.0
auntoona,bipartisanism,2.0
isaacmorales559,occupythemob,2.0
theartplanet,bipartisanism,2.0
philipcbates,lgbtqnation,2.0
lutchphx,goodasyou,2.0
abytw,backstorymom1,2.0
spiralsadhu,lgbtqnation,2.0
spiralsadhu,equalityrising_,2.0
spiralsadhu,freedom_indiana,3.0
jacyinc31,lgbtqnation,2.0
jacyinc31,gaystarnews,2.0
irishgmama,bipartisanism,5.0
bazrad68,jameshaning,2.0
ginou1010,jameshaning,2.0
ginou1010,bipartisanism,2.0
dewkoh,ozchrisrock,2.0
vceofanangl,ozchrisrock,2.0
romomiguel70,bipartisanism,2.0
kuykendalljsa,bipartisanism,2.0
photogphillip,thedailyedge,2.0
glitterboyfloyd,midwestpatrick,7.0
amgraphix,bipartisanism,2.0
thetonygee,jameshaning,2.0
thetonygee,lyrical_ty,2.0
thetonygee,mfisher096,2.0
ubervaper,lgbtqnation,3.0
ubervaper,ozchrisrock,2.0
skywalkerplc3,washtimes,3.0
pattiray6,bipartisanism,2.0
donna_west,goldietaylor,2.0
skorpyos,andreajmarkley,2.0
skorpyos,bipartisanism,2.0
formernforever,marc_perrone,2.0
formernforever,bipartisanism,3.0
gapinc,annie_ri,2.0
gapinc,chakaquaker,2.0
gapinc,cailin_becoming,2.0
gapinc,jamesisfearless,2.0
gapinc,gypseeblue,2.0
gapinc,leasher3,3.0
gapinc,violetl_phoenix,2.0
gapinc,kendraisraving,2.0
gapinc,jasonatdabeach,2.0
gapinc,libjamesbond007,2.0
gapinc,adamrosenberg16,2.0
gapinc,victoriadkirby,2.0
gapinc,thirtybirdy,2.0
gapinc,lwilk5,2.0
gapinc,aldrincontact,2.0
gapinc,saugusgsa,2.0
gapinc,pattiloach,2.0
gapinc,asrazvi,2.0
gapinc,andrewgalka,2.0
gapinc,debleejohnson,2.0
gapinc,mindmansion,2.0
gapinc,gap,2.0
gapinc,tinuveil,2.0
gapinc,averyinsf,2.0
gapinc,kingtrey,2.0
gapinc,thecoachtwo,2.0
gapinc,countsnarkula,2.0
gapinc,indysfrugal,2.0
gapinc,nenathunderlips,2.0
gapinc,iamlda,2.0
gapinc,moedabbagh,2.0
gapinc,jeremyalnsprngr,2.0
gapinc,chriscarron,2.0
gapinc,c_stipetich,2.0
gapinc,johnsteen,2.0
gapinc,ae_abercrombie,2.0
gapinc,305josec,2.0
gapinc,bluffindamuffin,2.0
gapinc,kenberry611,2.0
gapinc,eitan_yao,2.0
gapinc,dhussey415,2.0
diannacard,sallykohn,3.0
creekbear,bipartisanism,2.0
inmigrantnacion,immigrantnacion,35.0
fxckremy,jameshaning,3.0
mdgre2002,bipartisanism,5.0
slowlaner66,bennydiego,2.0
kaiyn,bipartisanism,3.0
pmolloy4,bipartisanism,2.0
pmolloy4,actorsequity,2.0
elvyf69,bennydiego,3.0
elvyf69,pfmonaco,2.0
mamanora808,jameshaning,2.0
sobertacious,jameshaning,2.0
jeaniesbeach,jeffwired,2.0
hutchissonmike,bipartisanism,2.0
merc4datass,jameshaning,6.0
merc4datass,freedom_indiana,2.0
akmuskie,bipartisanism,2.0
gdhiers,sallykohn,2.0
timelessbw,bennydiego,2.0
jimlittrell,freedom_indiana,2.0
asap_ariii,bennydiego,2.0
ericwolfson,gallopinggop,2.0
rayvray,jameshaning,6.0
donscot23,bipartisanism,2.0
ricsplace1159,freedom_indiana,3.0
wgri1949,bipartisanism,2.0
slobot60,1cavxray6,2.0
slobot60,mitamuk,2.0
slobot60,blumtgrldebbie,2.0
slobot60,lorion,3.0
slobot60,mtmarilyn2,2.0
zoomie2012,bipartisanism,3.0
cahowell1956,bipartisanism,2.0
mc1748,politics_pr,2.0
mc1748,bipartisanism,2.0
tyler_sellers,bipartisanism,2.0
grrl54,theadvocatemag,2.0
michaeledits,ozchrisrock,3.0
jizzlaqueefa,occupythemob,2.0
kay_rayvaughan,freedom_indiana,4.0
kay_rayvaughan,bipartisanism,4.0
johnrcox46,bipartisanism,6.0
nikroybal,freedom_indiana,3.0
kool111gifts,stoprfra,2.0
muzzyrudd,normdguerreindy,2.0
ggg_says,wthomasadkins,3.0
ggg_says,jameshaning,2.0
ggg_says,joshtotheua,3.0
ggg_says,bennydiego,2.0
ggg_says,bipartisanism,2.0
hhagars,equalityrising_,2.0
hhagars,bipartisanism,3.0
okayleigh_,occupythemob,2.0
begiiigiles,bipartisanism,8.0
winchesterjonne,lgbtqnation,2.0
jeannienuclear,freedom_indiana,2.0
seattleliberty1,crazylary51,2.0
jenluvsisrael,zackford,6.0
jenluvsisrael,riwired,2.0
hey_angieward,freedom_indiana,4.0
javierpayano,bipartisanism,3.0
morg2239,bipartisanism,2.0
darlene09465021,bipartisanism,3.0
bhasextalk,lgbtqnation,4.0
bhasextalk,jameshaning,4.0
bhasextalk,omarkuddus,2.0
akafinster,ozchrisrock,2.0
shweetheartff,ozchrisrock,2.0
bluebonnetbunny,bipartisanism,2.0
larry_umn,nancywonderful,3.0
amado35335272,richardohornos,2.0
faithlushlaws,lgbtqnation,2.0
dannywjohnson,ozchrisrock,2.0
manupuall,bipartisanism,2.0
tinygracenotes,bipartisanism,6.0
eastsidekate,indianatransnet,2.0
kkobers,ozchrisrock,2.0
isthisyourshit,dchomos,3.0
jadedjaguar,thedailyedge,2.0
rtwright1981,bipartisanism,2.0
donna4099,lgbtqnation,2.0
pacifine1,bipartisanism,5.0
boris3324,bipartisanism,3.0
rocket1216,bipartisanism,2.0
yolandaduque09,immigrantnacion,4.0
petermaddern55,bipartisanism,2.0
jeremydeeselden,shannonrwatts,2.0
jeremydeeselden,bipartisanism,3.0
hans_hirschi,jameshaning,9.0
hans_hirschi,barbcaffrey,2.0
vivigold197,shannonrwatts,5.0
gaystarnews,brooksdslbrooks,2.0
gaystarnews,redibis2,2.0
gaystarnews,bastianblake,2.0
gaystarnews,mycrazypassions,2.0
gaystarnews,fredkwint,3.0
gaystarnews,latinsatin,2.0
gaystarnews,dariusrock,2.0
gaystarnews,windblownworld,2.0
xpandasimmerx,bipartisanism,2.0
bakovic_steven,bipartisanism,3.0
gift2usa,riwired,2.0
gift2usa,immigrantnacion,4.0
gift2usa,equalityrising_,4.0
gift2usa,drhug,4.0
gift2usa,thedailyedge,3.0
gift2usa,bipartisanism,6.0
gift2usa,lgbtqnation,2.0
gift2usa,bannerite,2.0
msluce09,drhug,2.0
msluce09,bipartisanism,2.0
surrealintel,rightnowio_feed,2.0
djshiva,radredneckdiva,5.0
lizvassey,ozchrisrock,2.0
mind4ub,marc_perrone,2.0
timbrellow,thedailyedge,2.0
ericszostak,bipartisanism,2.0
speculumfight,bipartisanism,2.0
adbridgeforth,jameshaning,2.0
therightswrong,libjamesbond007,2.0
hotzgeor,mcshea33,2.0
hotzgeor,bennydiego,2.0
hotzgeor,bipartisanism,2.0
feministspag,bipartisanism,2.0
asedawg89,lancebass,2.0
fieryreddragon,shannonrwatts,2.0
connork86072765,bipartisanism,2.0
qdugansdoor,equalityrising_,2.0
kritimhjn,dchomos,2.0
riibvi,richardohornos,2.0
planethealer,bipartisanism,2.0
handelshaine,rightnowio_feed,3.0
goldietaylor,fwdcrocblu,2.0
pudgiewodgey,jameshaning,6.0
zeehyatt,vetosb101,2.0
dimarder,ozchrisrock,2.0
chuddles11,bipartisanism,3.0
jcpossley,sallykohn,2.0
jcpossley,bipartisanism,3.0
delphiwoman,bipartisanism,2.0
susanbr42259458,drhug,2.0
trendsindy,wilson46201,2.0
scrab8448,drhug,3.0
scrab8448,bennydiego,2.0
scrab8448,bipartisanism,10.0
scrab8448,nancywonderful,2.0
liberty4lgbt,theadvocatemag,2.0
flitedocnm,bipartisanism,2.0
ledjefflin,dtlal,2.0
omkouture,bipartisanism,8.0
scouter803,bipartisansport,2.0
denniskoch10,zc771,2.0
denniskoch10,voicelikeariot_,4.0
denniskoch10,artpenelli1974,2.0
classicdeepcuts,zanezodrow,2.0
filthyliberals,jeffwired,11.0
mikeejoe,thedailyedge,2.0
atheistic_1,bipartisanism,2.0
d3clark48,thedailyedge,2.0
d3clark48,equalityrising_,2.0
d3clark48,bipartisanism,5.0
d3clark48,meusa,3.0
d3clark48,jameshaning,2.0
d3clark48,homopolitico,2.0
juancar53561596,immigrantnacion,35.0
newday,ggrmcd,2.0
newday,dichristine,4.0
newday,jamesisfearless,2.0
newday,theeboxx,2.0
newday,cnnsitroom,2.0
newday,glenwaynesims,2.0
jebocanegra1,bipartisanism,2.0
moenextpornstar,jameshaning,2.0
rafaelgil251058,bbcmundo,2.0
rafaelgil251058,bennydiego,2.0
mimiyyo,immigrantnacion,2.0
aprilgrob,bipartisanism,2.0
antipandemonium,52katydid,2.0
antipandemonium,bipartisanism,4.0
abutler04,equalityrising_,2.0
abutler04,jameshaning,3.0
abutler04,bipartisanism,4.0
towner_terri,deejayedee,2.0
towner_terri,jameshaning,2.0
towner_terri,bipartisanism,3.0
millswem,jameshaning,2.0
justinjlockhar1,lgbtqnation,4.0
profkori,jameshaning,2.0
sedonarockss,bipartisanism,2.0
chaoticmuse,occupythemob,2.0
dftp_indy,freedom_indiana,3.0
christopherhnl,bipartisanism,2.0
j07553870,washtimes,2.0
bipartisanism,bashore101,2.0
bipartisanism,jenner8er,2.0
bipartisanism,pwm62,8.0
bipartisanism,mes200000,2.0
bipartisanism,grace_h_evans,2.0
bipartisanism,faceinthetrees,2.0
bipartisanism,55gamble,5.0
bipartisanism,pinkyfloyd1213,2.0
bipartisanism,randyprine,2.0
bipartisanism,loupou21,4.0
bipartisanism,robertmihaly1,2.0
bipartisanism,jayjay_pokeswag,2.0
bipartisanism,drhug,6.0
bipartisanism,hollesharon,3.0
bipartisanism,instagib,2.0
bipartisanism,andreamatthews9,3.0
bipartisanism,thodge77,3.0
bipartisanism,usedtobgop,5.0
bipartisanism,mdcollim,2.0
bipartisanism,suekhi,4.0
bipartisanism,letat_lechat,2.0
bipartisanism,mditeresa,2.0
bipartisanism,scottiebaugh,3.0
bipartisanism,crimheadtim,6.0
bipartisanism,wizzyprobs,2.0
bipartisanism,michelle9647,2.0
bipartisanism,fuller_derek,2.0
bipartisanism,cameronyudelson,2.0
bipartisanism,rpennington9,2.0
bipartisanism,halpernensohn,2.0
bipartisanism,bldouglasjr,4.0
bipartisanism,johnandro2,2.0
bipartisanism,catholicmomsays,3.0
bipartisanism,brittanyfassold,2.0
bipartisanism,sumenn7063,3.0
bipartisanism,multiramblings,2.0
bipartisanism,donacurriculae,2.0
bipartisanism,mslauren2930,4.0
bipartisanism,pyt2008yvonne,2.0
bipartisanism,ccriderjohn,2.0
bipartisanism,twelveplane,2.0
bipartisanism,hark17ness,2.0
bipartisanism,garageleague66,3.0
bipartisanism,snapperred1,2.0
bipartisanism,rivegauche610,6.0
bipartisanism,socialistnutter,2.0
bipartisanism,mojozza,2.0
bipartisanism,shultzmary,2.0
bipartisanism,necee0426_bond,3.0
bipartisanism,lisamichelleca1,2.0
bipartisanism,teyzory,2.0
bipartisanism,whitechalklit,2.0
bipartisanism,equalityalways,2.0
bipartisanism,briiinthewoods,2.0
bipartisanism,oneharmlessone,2.0
bipartisanism,elainewharton1,2.0
bipartisanism,gluna21,2.0
bipartisanism,atheist9155,2.0
bipartisanism,jw33062,3.0
bipartisanism,pinkpussycat822,2.0
bipartisanism,brayjolene,4.0
bipartisanism,sdonnelly_77,3.0
bipartisanism,imwatchingtoo,2.0
bipartisanism,m1kema1n,3.0
bipartisanism,hippyloft,2.0
bipartisanism,borealizz,13.0
bipartisanism,redfoxxnelson,3.0
bipartisanism,libruldolphin,2.0
bipartisanism,jenngeff,3.0
bipartisanism,amoryvida62,3.0
bipartisanism,lef_cs,2.0
bipartisanism,john_pietrowski,2.0
bipartisanism,gtarantulo,3.0
bipartisanism,carmenvellon,3.0
bipartisanism,ez4u2say_janis,3.0
bipartisanism,wilson_micah,4.0
bipartisanism,mediakyote,2.0
bipartisanism,kim_buttons,2.0
bipartisanism,ndnstyl,7.0
bipartisanism,jim_b60,4.0
bipartisanism,poohiedog,2.0
bipartisanism,acehanna54,4.0
bipartisanism,deepdimlpes,2.0
bipartisanism,h0lychild,2.0
bipartisanism,witsnottwits2,2.0
bipartisanism,wendyladee,3.0
bipartisanism,clc040,4.0
bipartisanism,aj_rutten,3.0
bipartisanism,fd52b5670937406,4.0
bipartisanism,fonda_mae,7.0
bipartisanism,kramerfry,4.0
bipartisanism,adjordan,2.0
bipartisanism,gothikacorpse,2.0
bipartisanism,jtoolr,3.0
bipartisanism,cabird6,8.0
bipartisanism,walkingdemlib,5.0
bipartisanism,chrakey,2.0
bipartisanism,candacetx,2.0
bipartisanism,louvice,7.0
bipartisanism,red_sox_fan777,2.0
bipartisanism,joko716,2.0
bipartisanism,nahleenblake,2.0
bipartisanism,dyniace,3.0
bipartisanism,albertdeascenti,6.0
bipartisanism,ngullenr,2.0
bipartisanism,realtor_debbie,4.0
bipartisanism,foxsucks,3.0
bipartisanism,jenniferadevon,2.0
bipartisanism,lindacollins11,2.0
bipartisanism,jerrymoore420,2.0
bipartisanism,conssuck,2.0
bipartisanism,zirikiziriki,4.0
bipartisanism,tazm1956,2.0
bipartisanism,thomasb00001,3.0
bipartisanism,sandytomich,2.0
bipartisanism,ryanjharmon,3.0
bipartisanism,girlzinger,2.0
bipartisanism,nancyosborne180,3.0
bipartisanism,bigskylover2,2.0
bipartisanism,thatdouchetony,2.0
bipartisanism,scottcarmichae1,4.0
bipartisanism,blumtgrldebbie,6.0
bipartisanism,beverlyfolkers,2.0
bipartisanism,jodytatesackman,3.0
bipartisanism,cheesersdurden,2.0
bipartisanism,tenthestate,2.0
bipartisanism,serennat,2.0
bipartisanism,madcat44,2.0
bipartisanism,twinsistar,2.0
bipartisanism,valyrianarakh,2.0
bipartisanism,waterflowerm,2.0
bipartisanism,mandropandro,2.0
bipartisanism,stickery74,2.0
bipartisanism,thatguythunder,2.0
bipartisanism,_neq,2.0
bipartisanism,anniesage,3.0
bipartisanism,harrm174,2.0
bipartisanism,heismynorthstar,2.0
bipartisanism,jaccuse1,2.0
bipartisanism,courtneysiempre,2.0
bipartisanism,thepoliticalcat,2.0
bipartisanism,livepositive14,2.0
bipartisanism,billdavisnyc,2.0
bipartisanism,miss_sjw,2.0
bipartisanism,dnrsjeric,3.0
bipartisanism,jt_krochko,2.0
bipartisanism,johnsemenowicz,2.0
bipartisanism,the_serf,3.0
bipartisanism,rollins138,2.0
bipartisanism,rissytheppard,3.0
bipartisanism,saysshetoday,3.0
bipartisanism,henriettasandwi,2.0
bipartisanism,ggrmcd,3.0
bipartisanism,macbethspeaks,2.0
bipartisanism,iamnickpalma,2.0
bipartisanism,bettina_adams,3.0
bipartisanism,green_arrow1987,2.0
bipartisanism,kcbluedeminks,10.0
bipartisanism,reiswigr,2.0
bipartisanism,williamclick,2.0
bipartisanism,daniel_gadsby,3.0
bipartisanism,lellysdca,3.0
bipartisanism,josephnyc74,2.0
bipartisanism,realdavedoubleu,2.0
bipartisanism,maggiekelstrom,2.0
bipartisanism,regsixer,4.0
bipartisanism,barbdahlia,2.0
bipartisanism,19dolphin39,2.0
bipartisanism,marsha_dcdiva,2.0
bipartisanism,valariejthomas,2.0
bipartisanism,gallaecian,5.0
bipartisanism,mrhuman66,2.0
bipartisanism,barryhingley,3.0
bipartisanism,raypegphoto,2.0
bipartisanism,wolfie_rankin,2.0
bipartisanism,moiskd,2.0
bipartisanism,phillygirl1441,2.0
bipartisanism,commradee,2.0
bipartisanism,arcticfox_am_i,8.0
bipartisanism,santaferen0,2.0
bipartisanism,recklessintent8,2.0
bipartisanism,disler_frank,2.0
bipartisanism,workingbee2k,2.0
bipartisanism,danieljodonnell,3.0
bipartisanism,tedderman1,2.0
bipartisanism,eroberts123,3.0
bipartisanism,houckadoodledoo,3.0
bipartisanism,librewausau,2.0
bipartisanism,nyamentikeely,2.0
bipartisanism,younglibdaniel,3.0
bipartisanism,mfisher096,2.0
bipartisanism,swohiorealty,2.0
bipartisanism,marcylauren,4.0
bipartisanism,kgkathryn,4.0
bipartisanism,moperfectunion,3.0
bipartisanism,noclu2you,2.0
bipartisanism,cathkestler,2.0
bipartisanism,mono6663,2.0
bipartisanism,portlandist,2.0
bipartisanism,teeda100,4.0
bipartisanism,kenberry611,7.0
bipartisanism,skinner2008,4.0
bipartisanism,dixiedeadhead,2.0
bipartisanism,lindkanne,3.0
bipartisanism,urbanhermit88,3.0
bipartisanism,shaeghlyn,2.0
bipartisanism,deanbebout,2.0
bipartisanism,fritchee,2.0
bipartisanism,rubymcrae,2.0
bipartisanism,mcraiser,2.0
bipartisanism,mayread3,2.0
bipartisanism,bmetzmetz,2.0
bipartisanism,garyfallon2,2.0
bipartisanism,lucindalc,2.0
bipartisanism,bossmediacomm,3.0
bipartisanism,robert_veres,2.0
bipartisanism,wiccankitsch,2.0
bipartisanism,randallr01,2.0
bipartisanism,otechgrrl,2.0
bipartisanism,sharakocloudcat,2.0
bipartisanism,sar_freed,2.0
bipartisanism,dave1oakns,2.0
bipartisanism,lmrazo22,3.0
bipartisanism,trudylooknglas,2.0
bipartisanism,merileeeaton,8.0
bipartisanism,drreneeobey,2.0
bipartisanism,truthblooms1,3.0
bipartisanism,martinsvllehope,2.0
bipartisanism,allaroundmbrown,2.0
bipartisanism,c255666a459a495,2.0
bipartisanism,ithink_deep,4.0
bipartisanism,double_clutcher,2.0
bipartisanism,scullynoreen,3.0
bipartisanism,biljon5,2.0
bipartisanism,muellerdebi,4.0
bipartisanism,cparhon,4.0
bipartisanism,gmiller212,2.0
bipartisanism,jezzebelle277,2.0
bipartisanism,cykelly1718,2.0
bipartisanism,pennylwilliams,3.0
bipartisanism,drlmponte,2.0
bipartisanism,francis16190302,2.0
bipartisanism,saleatframous,2.0
bipartisanism,heykelseyhey,2.0
bipartisanism,theriverwanders,2.0
bipartisanism,dekatron_man,2.0
bipartisanism,jmteacher_40,2.0
bipartisanism,agiftagain,2.0
bipartisanism,fish0245,2.0
bipartisanism,haroldwnelson,3.0
bipartisanism,greeenguy111,5.0
bipartisanism,jamiehop27,2.0
bipartisanism,catt1955,2.0
bipartisanism,irocku2,2.0
bipartisanism,lindahaslett,2.0
bipartisanism,b_juggernaut,2.0
bipartisanism,adwright2012,3.0
bipartisanism,cooperhawke,2.0
bipartisanism,towne8200,6.0
bipartisanism,mysticalstriker,6.0
bipartisanism,marthajadams,2.0
bipartisanism,dogriley82706,2.0
bipartisanism,santo_aol,2.0
bipartisanism,thomasclark92,4.0
bipartisanism,jackcoall,3.0
bipartisanism,marcmcgaugh1975,2.0
bipartisanism,why_tacos,2.0
bipartisanism,classiccards73,3.0
bipartisanism,lovetreeskk,4.0
bipartisanism,rusty626,2.0
bipartisanism,susandanzig219,2.0
bipartisanism,viva__democracy,2.0
bipartisanism,ozrainmaker,2.0
bipartisanism,messfixing,2.0
bipartisanism,trcdocumentary,2.0
bipartisanism,horacefranklin4,2.0
bipartisanism,auntiemels,3.0
bipartisanism,curvynerdysexy,4.0
bipartisanism,team_liber8,6.0
bipartisanism,insonifier,2.0
bipartisanism,marypop987,3.0
bipartisanism,lookin4maegowf,4.0
bipartisanism,tsehaik,2.0
bipartisanism,yuma2009,3.0
bipartisanism,muneraamy,3.0
bipartisanism,darren_kinyon,2.0
bipartisanism,spacetimeltd,7.0
bipartisanism,riggsbeem,3.0
bipartisanism,bverinfl,2.0
bipartisanism,shannonkaygley,2.0
bipartisanism,johnnysoftware,2.0
bipartisanism,mepp111,3.0
bipartisanism,nljewell,2.0
bipartisanism,collegesforward,3.0
bipartisanism,c_morrisonn,2.0
bipartisanism,normajgpr,2.0
bipartisanism,pattysmattyvt,2.0
bipartisanism,mullenpmullen,2.0
bipartisanism,shadowbard,2.0
bipartisanism,jamiastarheart,3.0
bipartisanism,dddoom63,2.0
bipartisanism,jonathanjewel,4.0
bipartisanism,elpresidentermt,3.0
bipartisanism,uberactivist,2.0
bipartisanism,a_creativeedge,2.0
bipartisanism,nanlupien,2.0
bipartisanism,ameliahorton98,2.0
bipartisanism,rocky1542,5.0
bipartisanism,aprilstearns,2.0
bipartisanism,teddyshouse2ii,2.0
bipartisanism,slopster53,2.0
bipartisanism,barbie892,2.0
bipartisanism,tobosbunny,7.0
bipartisanism,calicoinsite,4.0
bipartisanism,chiconchicfil_a,2.0
bipartisanism,gabino_58,2.0
bipartisanism,farimah_h,2.0
bipartisanism,mpplvt,2.0
bipartisanism,kphennosy,2.0
bipartisanism,tkdmike,3.0
bipartisanism,bostonrose3,2.0
bipartisanism,larryncosmo,2.0
bipartisanism,rongee98,8.0
bipartisanism,mycrazypassions,2.0
bipartisanism,cool_breeze1979,2.0
bipartisanism,melfan,2.0
bipartisanism,michaelabood1,2.0
bipartisanism,reinerdemar,2.0
bipartisanism,wats7park,2.0
bipartisanism,xsingmaddysingx,2.0
bipartisanism,wisqerbisqit,2.0
bipartisanism,no_idteaots,2.0
bipartisanism,gothamknight05,3.0
bipartisanism,jamessyl1,2.0
bipartisanism,lafayjjl,2.0
bipartisanism,functionalabc,4.0
bipartisanism,shells2014,7.0
bipartisanism,tallyannae,3.0
bipartisanism,gay_global_news,2.0
bipartisanism,bizarrospeak,2.0
bipartisanism,josh_robinson26,2.0
bipartisanism,piratewench,2.0
bipartisanism,littleangel911,3.0
bipartisanism,jimmya_shook1s,3.0
bipartisanism,absolutetoday,2.0
bipartisanism,ilgiovanipierro,2.0
bipartisanism,gilton3r,2.0
bipartisanism,leslieannscott,2.0
bipartisanism,jagbusanne,3.0
bipartisanism,pamelalee90844,3.0
bipartisanism,crimsonboar5,3.0
bipartisanism,mjlindbergphd,2.0
bipartisanism,sabela13,3.0
bipartisanism,shire46,2.0
bipartisanism,jantongo,2.0
bipartisanism,kyyack1,2.0
bipartisanism,bornagainvagina,5.0
bipartisanism,kharyp,6.0
bipartisanism,quintonajacobs,6.0
bipartisanism,armyboy57,4.0
bipartisanism,pillsandpebbles,2.0
bipartisanism,jkratt713,2.0
bipartisanism,artsyjudith,2.0
bipartisanism,jengwensven,2.0
bipartisanism,akadierin,3.0
bipartisanism,rockyintx,3.0
bipartisanism,conniejimjoe,2.0
bipartisanism,koalainchicago,2.0
bipartisanism,georgiemutt,2.0
bipartisanism,crimsonboars,2.0
bipartisanism,dowbruce,2.0
bipartisanism,iamtimsteele,2.0
bipartisanism,je_suis_free,2.0
bipartisanism,restord,2.0
bipartisanism,dsurman,2.0
bipartisanism,fatwill56,2.0
bipartisanism,omahagemgirl,3.0
bipartisanism,blorenzo,2.0
bipartisanism,mrp_thedj,2.0
bipartisanism,186darrellbezet,4.0
bipartisanism,catlady628,2.0
bipartisanism,augusteve2012,2.0
bipartisanism,tomsanko,3.0
bipartisanism,prc4aam,3.0
bipartisanism,pas5974,2.0
bipartisanism,libjamesbond007,3.0
bipartisanism,jomorane,4.0
bipartisanism,deadhead1991,2.0
bipartisanism,cd5762bkup,2.0
bipartisanism,mainelyinspired,3.0
bipartisanism,bipartisansport,5.0
bipartisanism,gandalfstaff,2.0
bipartisanism,ydanasmithdutra,2.0
bipartisanism,scottsmith349,2.0
bipartisanism,hulky23,2.0
bipartisanism,mikeygotstyle,7.0
bipartisanism,travtool,3.0
bipartisanism,spryguy,4.0
bipartisanism,fmalchemist,2.0
bipartisanism,chelyq,2.0
bipartisanism,carlrs1scaggsc,2.0
bipartisanism,mjgarciakcmo,2.0
bipartisanism,igotmemes,2.0
bipartisanism,karecki1,2.0
bipartisanism,vela_mary,2.0
bipartisanism,whit_knee_41,2.0
bipartisanism,keywest0007,2.0
bipartisanism,silversworth,2.0
bipartisanism,hooked_swan,2.0
bipartisanism,swaggyv_,2.0
bipartisanism,rogtilford,2.0
bipartisanism,betseybess,2.0
bipartisanism,alene721,3.0
bipartisanism,msmelly1994,2.0
bipartisanism,leumiclooney,7.0
bipartisanism,rcarr57,7.0
bipartisanism,realdwneastdiva,3.0
bipartisanism,gma_dunlap,2.0
bipartisanism,dflexmatrix,2.0
bipartisanism,blingy40,2.0
bipartisanism,yknot,4.0
bipartisanism,brendajoannewy,2.0
bipartisanism,punnedit55,2.0
bipartisanism,chuck4219,4.0
bipartisanism,mills_abbot,2.0
bipartisanism,crymsonsavior,2.0
bipartisanism,caroltpslv,2.0
bipartisanism,dillonherb,4.0
bipartisanism,gkmtntwits,2.0
bipartisanism,mssurvivorsq,2.0
bipartisanism,brookstravis,2.0
bipartisanism,kthyde66,3.0
bipartisanism,coldandnervous,3.0
bipartisanism,gregmercer1,2.0
bipartisanism,dalef3,4.0
bipartisanism,lahiguera1967,2.0
bipartisanism,channydean32,3.0
bipartisanism,realwhitegirl1,3.0
bipartisanism,reneelaren,3.0
bipartisanism,cinrebel,2.0
bipartisanism,cam60475637,2.0
bipartisanism,jeezjasmyne,2.0
bipartisanism,carl23b4,4.0
bipartisanism,djscincy,3.0
bipartisanism,mastaofmp3s,2.0
bipartisanism,meastquagmire,2.0
bipartisanism,tmhdavis,3.0
bipartisanism,karenunitewomen,2.0
bipartisanism,mydoggigi,2.0
bipartisanism,mumma_don,8.0
bipartisanism,eldeemocrat,2.0
bipartisanism,hobbesmommytwo,2.0
bipartisanism,kungfunny,2.0
bipartisanism,boerneaj,4.0
bipartisanism,cody_k,2.0
bipartisanism,speargunwi,2.0
bipartisanism,craigfuller44,2.0
bipartisanism,rockinwil,2.0
bipartisanism,glc1122,2.0
bipartisanism,wmasters45,2.0
bipartisanism,ssweetbrown,3.0
bipartisanism,bennydiego,2.0
bipartisanism,shawngi16ert,2.0
bipartisanism,rachbookharlot,2.0
bipartisanism,richedge,3.0
bipartisanism,jeffwired,9.0
bipartisanism,vcntrd,2.0
bipartisanism,truth2b,2.0
bipartisanism,dacollar1,2.0
bipartisanism,joylladiebnx,3.0
bipartisanism,cangal_39,2.0
bipartisanism,goprapebuster,5.0
bipartisanism,bannerite,3.0
bipartisanism,melodythemellow,2.0
bipartisanism,carm2158,2.0
bipartisanism,nowak_24,2.0
bipartisanism,sammycatania,7.0
bipartisanism,gizmo3217,5.0
bipartisanism,msnonoesq,2.0
bipartisanism,djgslr,3.0
bipartisanism,szbuyavowel,2.0
bipartisanism,mojojaxville,2.0
bipartisanism,magdalena0113,2.0
bipartisanism,frogortoad,4.0
bipartisanism,curran_marlene,2.0
bipartisanism,strangeronfire,2.0
bipartisanism,lisaspringsteen,2.0
bipartisanism,cliff4lindsay,2.0
bipartisanism,brios82,2.0
bipartisanism,diegouk,2.0
bipartisanism,ricglowienka,2.0
bipartisanism,brianlemonlime,2.0
bipartisanism,cheryljo911,3.0
bipartisanism,ecclesias,4.0
bipartisanism,sutajiowest,2.0
bipartisanism,kellygrrrl7379,2.0
bipartisanism,took777,2.0
bipartisanism,sara_v_m,2.0
bipartisanism,52430marketst,2.0
bipartisanism,katebarnes6,2.0
bipartisanism,onevoice2,9.0
bipartisanism,bkjwill3brad,2.0
bipartisanism,moralesdc,2.0
bipartisanism,lamproce,2.0
bipartisanism,williekbink,3.0
bipartisanism,toosoonmary,4.0
bipartisanism,geraldanthro,4.0
bipartisanism,kellykjj,2.0
bipartisanism,realtybird,4.0
bipartisanism,noblood4hubris,2.0
bipartisanism,seireenko,2.0
bipartisanism,emthedivine,2.0
bipartisanism,hanto38le,2.0
bipartisanism,mchamric,6.0
bipartisanism,gord118,2.0
bipartisanism,painefan01,2.0
bipartisanism,coopah,4.0
bipartisanism,jojofythat,3.0
bipartisanism,pearlsbaubles,2.0
bipartisanism,muffit1,2.0
bipartisanism,yxngkinney,3.0
bipartisanism,kyhoopfan,2.0
bipartisanism,camelotgypsy,2.0
bipartisanism,winstonnephron,3.0
bipartisanism,_mermermer,2.0
bipartisanism,zach_simmons2,2.0
bipartisanism,jwareess,2.0
bipartisanism,peacefulma,2.0
bipartisanism,5pint,3.0
bipartisanism,cscstars,3.0
bipartisanism,woodenlucy,3.0
bipartisanism,fbarbazzi,2.0
bipartisanism,lghcox,2.0
bipartisanism,the4thdiamond,2.0
bipartisanism,bigpuppy_stuart,2.0
bipartisanism,mooncatadams,2.0
bipartisanism,maliniloimata,3.0
bipartisanism,crfontaine,2.0
bipartisanism,beautybind,2.0
bipartisanism,grimeskent,5.0
bipartisanism,politicalant,2.0
bipartisanism,thelordt_money,3.0
bipartisanism,a_standal,5.0
bipartisanism,wordbirdsnest,2.0
bipartisanism,ddnewlin63,2.0
bipartisanism,calitenkey,3.0
disler_frank,bennydiego,2.0
apriltara,georgiaunites,2.0
munkia,immigrantnacion,36.0
munkia,richardohornos,2.0
braden_rose,thedailyedge,2.0
andyleavitt,hilaryr,2.0
beyoncefabtwerk,dchomos,2.0
jtoolr,bennydiego,2.0
myfriendkaren,lgbtqnation,2.0
grimeskent,thedailyedge,3.0
grimeskent,stopnuclearwar,2.0
grimeskent,dchomos,2.0
grimeskent,wthomasadkins,3.0
grimeskent,garyalton,2.0
grimeskent,bennydiego,5.0
grimeskent,jameshaning,2.0
kgsmooth_,marc_perrone,2.0
haydeevilma05,itsshoboy,2.0
jacquelyncalver,ozchrisrock,2.0
bossmediacomm,thedailyedge,2.0
truthcasterstv,rightnowio_feed,2.0
meerogne,sallykohn,2.0
roderickdhall,jameshaning,2.0
mikesthecoolest,dchomos,2.0
kittenkoder,equalityrising_,2.0
kittenkoder,bennydiego,3.0
anna__milburn,dchomos,2.0
danielpotter68,lgbtqnation,2.0
cparhon,thedailyedge,2.0
zdsellie,lgbtqnation,2.0
rwnrn,bennydiego,3.0
rahjbobby,lgbtqnation,9.0
rahjbobby,midwestpatrick,6.0
rahjbobby,meusa,5.0
rahjbobby,freedom_indiana,2.0
rahjbobby,theadvocatemag,4.0
lesmartini,jameshaning,3.0
chaalie,dchomos,2.0
darkmoe3,fakedansavage,2.0
darkmoe3,rightnowio_feed,2.0
yarringtondavid,jameshaning,4.0
gaga216,jameshaning,6.0
weshlovrcm,freedom_indiana,2.0
mrmicheal,freedom_indiana,9.0
xfile1986,jameshaning,2.0
trojanmother,marc_perrone,2.0
karrynmary,jameshaning,2.0
lesapamplin,ozchrisrock,2.0
gutierrezarlen,richardohornos,2.0
gutierrezarlen,itsshoboy,2.0
tomhoffay,thedailyedge,2.0
itsmarky5,goodasyou,2.0
netoarico,omarkuddus,4.0
art_f2001,bennydiego,2.0
jasbenitez,jameshaning,5.0
elsaabyrd13,lgbtqnation,6.0
lobo1911a1,shannonrwatts,2.0
followjenjones,freedom_indiana,2.0
elueroy,lgbtqnation,2.0
elueroy,freedom_indiana,2.0
cinnersk,jameshaning,5.0
indianatransnet,radredneckdiva,2.0
indianatransnet,charlienyephoto,2.0
jaunte,radredneckdiva,2.0
horacefranklin4,jameshaning,2.0
eduone423,ozchrisrock,2.0
beardyblue,midwestpatrick,2.0
bobbertalert,freedom_indiana,3.0
svsalon,joeconason,2.0
svsalon,jameshaning,2.0
devodian,bennydiego,2.0
bradhoylman,chriscquinn,2.0
bradhoylman,mahopactaprez,2.0
bradhoylman,beatrizlpy,2.0
fossilfriendly,dchomos,2.0
kginkerr,equalityrising_,2.0
queertardo,goodasyou,2.0
ssseaboq,jameshaning,3.0
angelar82324380,immigrantnacion,36.0
dmiller99,voicelikeariot_,5.0
riwired,ladonnarae53,2.0
riwired,anonomouse1981,4.0
riwired,mrpolyatheist,2.0
riwired,dubinpeter,2.0
riwired,mikelm31,2.0
steveleesr,jameshaning,2.0
matpowell42,jameshaning,2.0
atheist_imagine,omarkuddus,2.0
honeyluvdae,thedailyedge,2.0
andrewlucksbowl,equalityrising_,3.0
michamond1959,occupythemob,2.0
allmixedup51675,marc_perrone,2.0
earnest_one,jameshaning,2.0
colaprofguy,lgbtqnation,2.0
macefaaace,lgbtqnation,3.0
fwdcrocblu,nancywonderful,4.0
fwdcrocblu,obama4more,2.0
ruf4ir,immigrantnacion,36.0
pemika66,thedailyedge,2.0
tkdmike,thedailyedge,2.0
theonlyidealist,dchomos,2.0
julesindy,freedom_indiana,6.0
fonda_mae,jameshaning,6.0
janicekayephd,lgbtqnation,2.0
cit_collins,thedailyedge,2.0
shenanijen,equalityrising_,2.0
lareinamestiza,freedom_indiana,2.0
armsivilli,drhug,2.0
so_lenny,drhug,2.0
gay_global_news,viewfromwise,2.0
thodge77,thegayvegans,2.0
catemizery,ozchrisrock,2.0
fighterlgbt,dchomos,2.0
fighterlgbt,jameshaning,3.0
catlover1943,crazylary51,2.0
jagbusanne,drhug,3.0
jagbusanne,bennydiego,2.0
mjlindbergphd,thedailyedge,2.0
wolfeloin,jameshaning,2.0
detous,sallykohn,2.0
sommarnatten,shannonrwatts,2.0
brienusa,freedom_indiana,2.0
laurelramseyer,lgbt_lover,2.0
bbcnewsus,schoberwolfgang,2.0
bbcnewsus,mindmansion,2.0
artsyjudith,thedailyedge,2.0
_diklo,freedom_indiana,6.0
xjamesx1999,jameshaning,2.0
holybullies,freedom_indiana,3.0
tmkrause,midwestpatrick,2.0
indigoindy,freedom_indiana,2.0
harrisofhllywd,ozchrisrock,2.0
markmetropolis,jimmypalmieri,2.0
iansimpsonpoker,ozchrisrock,2.0
mvihlen1,stoprfra,2.0
fassytrek,ozchrisrock,2.0
equalityfed,freedom_indiana,3.0
mwalkerhall,freedom_indiana,2.0
mainelyinspired,lgbtqnation,2.0
melissakayedp,cykelly1718,2.0
mommadona,art2u2,4.0
vilmaflorek,sallykohn,2.0
danielrosado51,lgbtqnation,2.0
dreat1020,jameshaning,2.0
sharoncarbine,kcbluedeminks,2.0
mikeygotstyle,thedailyedge,2.0
mikeygotstyle,jameshaning,4.0
hhooversghost,bennydiego,2.0
spryguy,voicelikeariot_,4.0
millennial_,sallykohn,2.0
stopsb129,classiccards73,2.0
stopsb129,stoprfra,6.0
normdguerreindy,barbour_nancy,2.0
normdguerreindy,usnavymompa,2.0
normdguerreindy,mlhoenig,2.0
normdguerreindy,occupy_jamaica,2.0
normdguerreindy,boycottindiana,2.0
waragainstwomen,nancywonderful,2.0
charcrnll,jameshaning,6.0
blackmanusa,shannonrwatts,4.0
dchawkhughesnet,lgbtqnation,5.0
dchawkhughesnet,bennydiego,2.0
azredskinsfan,thedailyedge,2.0
thegayvegans,thenavyvegan,2.0
alene721,lgbtqnation,3.0
amylbanamy,thedailyedge,2.0
atheist9155,jameshaning,2.0
heavenshaffer,thedailyedge,2.0
lnkls1,ozchrisrock,2.0
0103lrl,viewfromwise,2.0
gayteenager08,lgbtqnation,2.0
ceehawk317,freedom_indiana,2.0
art2u2,jamiastarheart,2.0
art2u2,victorlirio,2.0
art2u2,ez4u2say_janis,2.0
art2u2,carm2158,2.0
days_go_by29,lancebass,2.0
jb_taylor29,jameshaning,9.0
str8grandmother,drhug,2.0
pzglory,itsshoboy,2.0
teartracks,jameshaning,3.0
cam60475637,bennydiego,2.0
nando6990,thedailyedge,4.0
carl23b4,bennydiego,2.0
mules62,freedom_indiana,6.0
any02xo,immigrantnacion,35.0
zarazuaaguas,immigrantnacion,36.0
kidlightnin71,voicelikeariot_,4.0
edwardarowe1,jameshaning,2.0
edwardarowe1,bennydiego,2.0
jaysmith144,ozchrisrock,4.0
briansilva78,meusa,4.0
patscsw,zackford,2.0
amypond27,lgbtqnation,2.0
bennydiego,stphil,2.0
bennydiego,borndeist,2.0
bennydiego,pwm62,2.0
bennydiego,jharri60,2.0
bennydiego,5thcorona,2.0
bennydiego,matbo2,3.0
bennydiego,purplegarter1,2.0
bennydiego,imchaunce,2.0
bennydiego,lbragen,2.0
bennydiego,waterflowerm,2.0
bennydiego,thomasclark92,3.0
bennydiego,jeremybatista92,2.0
bennydiego,bldouglasjr,2.0
bennydiego,gkmtntwits,2.0
bennydiego,tinapayson,2.0
bennydiego,coldandnervous,3.0
bennydiego,curvynerdysexy,4.0
bennydiego,winterthur,2.0
bennydiego,balticblau,4.0
bennydiego,prevfromburgh,2.0
bennydiego,andreamatthews9,2.0
bennydiego,motherjuggs,2.0
bennydiego,speargunwi,2.0
bennydiego,oyekuise,2.0
bennydiego,jamiastarheart,2.0
bennydiego,valerie0714,4.0
bennydiego,oneharmlessone,3.0
bennydiego,kcbluedeminks,2.0
bennydiego,tobosbunny,2.0
bennydiego,djgslr,2.0
bennydiego,dtlal,2.0
bennydiego,curran_marlene,2.0
bennydiego,55gamble,2.0
bennydiego,petertoupin,2.0
bennydiego,michelea2204,2.0
bennydiego,regsixer,2.0
bennydiego,barryhingley,2.0
bennydiego,realtybird,2.0
bennydiego,ez4u2say_janis,2.0
bennydiego,donthebear,2.0
bennydiego,robrt_m_goldste,2.0
bennydiego,ndnstyl,2.0
bennydiego,fredkwint,2.0
bennydiego,pearlsbaubles,2.0
bennydiego,camelotgypsy,2.0
bennydiego,sk45202,2.0
bennydiego,teabagtrasher,4.0
bennydiego,mooncatadams,2.0
bennydiego,quintonajacobs,2.0
bennydiego,genet123,2.0
bennydiego,parkerc2112,2.0
bennydiego,marcylauren,7.0
bennydiego,kgkathryn,2.0
bennydiego,iron__mike,2.0
bennydiego,sagdecwho,2.0
bennydiego,politicalant,2.0
bennydiego,aworldoutofmind,2.0
bennydiego,gfoneillalpha,2.0
jeffwired,karenregis,2.0
jeffwired,jimmypalmieri,2.0
cupcakereview,jameshaning,2.0
wgaut,sgaut,3.0
sebelius29,renenow,2.0
carm2158,sfcpdx,2.0
jimjlr2,shannonrwatts,3.0
gizmo3217,lgbtqnation,2.0
gizmo3217,lorion,2.0
ronc99,shannonrwatts,2.0
ronc99,susandanzig219,2.0
ronc99,camelotgypsy,2.0
ronc99,drhug,2.0
ronc99,michiganborn58,2.0
ronc99,valerie0714,2.0
ronc99,sevierhere,2.0
repubsrfubar,nancywonderful,2.0
skroobal,ozchrisrock,2.0
allaroundmbrown,__artie__,2.0
flail01,jameshaning,2.0
thxmrpotus,richardohornos,2.0
ericrtv6,john_stracener,2.0
fiesty_democrat,thedailyedge,2.0
williekbink,drhug,5.0
keithffarrell,omarkuddus,2.0
lorionii,lorion,12.0
realtybird,jameshaning,4.0
immigrantnacion,camila_1st,36.0
immigrantnacion,manuelg84062761,2.0
immigrantnacion,famtasma1977,36.0
immigrantnacion,hansel_gmail,36.0
immigrantnacion,usfassio,36.0
immigrantnacion,sztweettweet,30.0
immigrantnacion,leonna24,33.0
immigrantnacion,stop_them_now_,35.0
immigrantnacion,islandlife2014,3.0
immigrantnacion,immigrant1__,35.0
immigrantnacion,adadream13,36.0
immigrantnacion,mdaaaguas,35.0
immigrantnacion,abeonada,35.0
immigrantnacion,reform_4,36.0
immigrantnacion,delfi_aguas,35.0
immigrantnacion,cristoramirez15,34.0
immigrantnacion,jadelinesalinas,35.0
immigrantnacion,ravelo1964,37.0
immigrantnacion,arismendigladys,36.0
immigrantnacion,yolandamuniz7,35.0
immigrantnacion,_anacdiaz,36.0
immigrantnacion,nj_blue_,35.0
immigrantnacion,immigrannacion,36.0
immigrantnacion,_nonsense88,35.0
immigrantnacion,aracelymtzreyes,36.0
immigrantnacion,juanaguas8,35.0
immigrantnacion,tinnaoseguera,35.0
leerusso1968,shannonrwatts,2.0
chase_kendall14,freedom_indiana,2.0
bastianblake,dchomos,3.0
taliatraugh,sallykohn,2.0
rajankoshy,jameshaning,4.0
nenathunderlips,jameshaning,6.0
jjbenz19,joselouis4077,2.0
nancyoreally,thedailyedge,2.0
montserrathr14,richardohornos,2.0
ircrc,meaghercarolyn,3.0
ircrc,radredneckdiva,2.0
ircrc,danwibg,2.0
adcaudle38,freedom_indiana,2.0
ormondderrick,jameshaning,2.0
carolynsbuddy,freedom_indiana,2.0
amandanavarro,ozchrisrock,3.0
stphil,shannonrwatts,2.0
jenk264,jameshaning,2.0
daiconrad,sallykohn,2.0
alonso1127,richardohornos,2.0
maxworkout,jameshaning,2.0
efanaticann,ozchrisrock,2.0
marcellepulley,sallykohn,2.0
fakedansavage,lmann95,2.0
55gamble,lgbtqnation,5.0
lulu742,freedom_indiana,2.0
veggie64_leslie,lgbtqnation,2.0
evielitwok,lgbtqnation,5.0
tntweeterses,nosurrendercir,2.0
tntweeterses,juliolopez282,2.0
tntweeterses,greatvictoria,2.0
tntweeterses,hugoc3318,2.0
tntweeterses,joseg7baiza,2.0
tntweeterses,jore1276merino,2.0
tntweeterses,res0xhdb2,2.0
hollesharon,thedailyedge,2.0
hollesharon,vhh1525,2.0
hollesharon,lgbtqnation,3.0
hollesharon,bannerite,2.0
traevlr,jameshaning,2.0
fightoutloud,homopolitico,2.0
reformxme,richardohornos,2.0
gina_whitewood,freedom_indiana,2.0
redibis2,freedom_indiana,4.0
cv_scanner,rightnowio_feed,2.0
larryncosmo,lgbtqnation,2.0
larryncosmo,jameshaning,2.0
queer_america,stoprfra,2.0
yhaenflein,jameshaning,2.0
micahharshaw,charlienyephoto,2.0
stinkymalloy01,paidsubscriber,2.0
helenalu4,richardohornos,2.0
johnjmortimer,republican_mrs,2.0
bdcissell,freedom_indiana,2.0
kaygirl8lawana,thedailyedge,2.0
abc,rightnowio_feed,2.0
gnarlynicolas,lgbtqnation,2.0
mitchleib,lancebass,2.0
jables_1,thedailyedge,2.0
sweeney4anthony,marc_perrone,3.0
taylor62eddie,ozchrisrock,2.0
kcdurling,shannonrwatts,3.0
u_edilberto,itsshoboy,2.0
chefebrasileiro,ozchrisrock,2.0
lambdalegal,freedom_indiana,2.0
uslatino1,richardohornos,3.0
danakarina02,itsshoboy,2.0
dchomos,detectivefresh,2.0
dchomos,jimmypalmieri,4.0
dchomos,wondering_flirt,3.0
dchomos,rugoda,4.0
dchomos,jeremyelliott91,2.0
dchomos,cameron_shore,4.0
dchomos,mooreofbrian,2.0
dchomos,unwindingamoeba,3.0
dchomos,jt5653,2.0
dchomos,narod_elf,2.0
dchomos,po00et,3.0
dchomos,dylanlovesit,2.0
dchomos,ughluis,2.0
dchomos,bearlvrla,2.0
dchomos,apogee711,2.0
dchomos,fomalo,2.0
dchomos,rday815,2.0
dchomos,kushaba_akami,2.0
dchomos,lux_ternity,2.0
dchomos,phillygay,2.0
socallks,e140tweet,2.0
socallks,drhug,2.0
socallks,b140tweet,3.0
outerspacemanii,thedailyedge,2.0
marcmullins1,annekellyrtv6,2.0
marcmullins1,amcneer,2.0
paladincornelia,shannonrwatts,3.0
marc_perrone,act1wally,2.0
marc_perrone,barbour_nancy,2.0
marc_perrone,voteunion,3.0
marc_perrone,sharon_glenn,2.0
marc_perrone,suepowellvi,2.0
marc_perrone,tleeemmailyo,2.0
marc_perrone,jayanarayanvp,2.0
marc_perrone,kalibkeebler,3.0
marc_perrone,spacetimeltd,2.0
valerie0714,occupyoga,2.0
valerie0714,drhug,2.0
valerie0714,stwallace23,2.0
valerie0714,ez4u2say_janis,3.0
valerie0714,blumtgrldebbie,2.0
oneharmlessone,equalityrising_,2.0
hrhlou,thedailyedge,2.0
jamaica_merino,itsshoboy,2.0
findpeace90,occupythemob,2.0
macresslertech,cnntonight,2.0
steinadler31,washtimes,2.0
occupythemob,shells2014,2.0
occupythemob,merrittskyler,2.0
occupythemob,adairschmidt,2.0
occupythemob,xsmalleyx,2.0
occupythemob,calicoinsite,4.0
occupythemob,nr1woman,2.0
occupythemob,vetleuk,2.0
occupythemob,mrmrsanon,2.0
occupythemob,an0n_c1ph3r,2.0
occupythemob,stalkingtrolls,2.0
occupythemob,derkfelix,2.0
occupythemob,paisleybhoy88,2.0
occupythemob,gabbotx,2.0
occupythemob,notpx5,2.0
occupythemob,tusk8rman,2.0
occupythemob,mastaofmp3s,2.0
occupythemob,_mexicovince,2.0
occupythemob,gord118,2.0
occupythemob,buenavista28,2.0
occupythemob,axiom_moixa,2.0
occupythemob,omglauryn_,2.0
__artie__,goodasyou,2.0
__artie__,waymonhudson,2.0
__artie__,jameshaning,5.0
1cavxray6,lorion,2.0
jozpina,thedailyedge,3.0
crstl_m_romero,lgbtqnation,3.0
sdonnelly_77,viewfromwise,2.0
rosalindacoron4,richardohornos,2.0
jeffersonobama,borealizz,4.0
jeffersonobama,mmwlawtaos,2.0
jeffersonobama,doodlebug0,2.0
msslsantiago,midwestpatrick,2.0
borealizz,shannonrwatts,4.0
borealizz,charlienyephoto,2.0
borealizz,angiecoiro,7.0
borealizz,jameshaning,6.0
wolfefan,freedom_indiana,6.0
adria_ra,richardohornos,2.0
robertitalia,washtimes,2.0
greedsakiller,vetosb101,3.0
snarkamendment,freedom_indiana,3.0
boomer981,freedom_indiana,2.0
ez4u2say_janis,crazylary51,2.0
the_serf,thedailyedge,2.0
amyw65,ozchrisrock,3.0
nomoremcconnell,richardohornos,9.0
mtvjock,jameshaning,3.0
cly516,lgbtqnation,3.0
4abetterday,thedailyedge,2.0
chicoscperez,itsshoboy,2.0
jennamagia,lgbtqnation,2.0
mark6388mark,freedom_indiana,3.0
dchusband,racismolizer,2.0
wcqs,equalitync,2.0
hanselgw,homopolitico,2.0
crazylary51,thedailyedge,2.0
crazylary51,equalityrising_,2.0
crazylary51,clydetheslyde,2.0
crazylary51,serpentine202,2.0
cabird6,thedailyedge,2.0
queenadalite,midwestpatrick,4.0
chrakey,raemd95,2.0
marmel,kharyp,2.0
louvice,equalityrising_,3.0
louvice,lorion,2.0
louvice,dancas2,2.0
alfredoerazo22,richardohornos,2.0
katesherrill,waymonhudson,2.0
dj_girlfriday,lgbtqnation,2.0
jspoupart,wordbirdsnest,2.0
ptbofedliberals,ozchrisrock,2.0
hilaryr,kenholsclaw,2.0
matbo2,thedailyedge,2.0
kenholsclaw,jameshaning,3.0
travelpulse,travelheaps,2.0
travelpulse,qbankendy,3.0
po00et,jameshaning,3.0
po00et,homopolitico,4.0
po00et,freedom_indiana,4.0
thomasb00001,politics_pr,2.0
augusteve2012,shannonrwatts,2.0
viewfromwise,jackcoall,2.0
viewfromwise,advocatebratty,14.0
viewfromwise,bldouglasjr,3.0
viewfromwise,blumtgrldebbie,2.0
viewfromwise,hankmobleylives,3.0
viewfromwise,carmenvellon,2.0
mamaria33,lgbtqnation,2.0
mamaria33,jblaque,2.0
talkingtocactus,equalityrising_,2.0
buddhafulbritt,jenngeff,2.0
maria19016998,richardohornos,2.0
4jackiebrown,marcylauren,2.0
douglaslay,ozchrisrock,2.0
maartenwildeman,bjork55,2.0
turnindianablue,thepatrioticlib,3.0
cdc_dj_account,zanezodrow,2.0
grampsnerd,jameshaning,2.0
bubusinessman,freedom_indiana,2.0
lankyguy,jameshaning,4.0
lankyguy,stoprfra,2.0
ms_msmarshas,zanezodrow,2.0
barbcaffrey,cdyesswrites,2.0
barbcaffrey,lawfabex,3.0
indiana_jones20,lgbtqnation,2.0
toongrrl1990,sallykohn,2.0
leightondumas,jameshaning,2.0
3paulas,richardohornos,2.0
tiffanie509,lgbtqnation,7.0
cardoza_rosario,itsshoboy,2.0
cssueta,politolizer,3.0
larios_ester,itsshoboy,2.0
ggrmcd,sallykohn,2.0
jcindyina,freedom_indiana,18.0
equalityrising_,oldsilaswebster,2.0
equalityrising_,painefan01,2.0
equalityrising_,goprapebuster,2.0
equalityrising_,fredkwint,3.0
equalityrising_,sharon_glenn,3.0
equalityrising_,shire46,2.0
equalityrising_,chiconchicfil_a,2.0
equalityrising_,lorion,4.0
equalityrising_,jameshaning,2.0
equalityrising_,maverickreads,4.0
equalityrising_,notquiteabyte,2.0
equalityrising_,marcylauren,2.0
equalityrising_,merileeeaton,2.0
equalityrising_,ksitesl,2.0
equalityrising_,thomasclark92,2.0
equalityrising_,tardisgal01,3.0
kcbluedeminks,shannonrwatts,2.0
kcbluedeminks,thedailyedge,2.0
kcbluedeminks,jameshaning,3.0
homopolitico,eyeamsmf,3.0
homopolitico,cu_in_nh,2.0
homopolitico,rpmcq57,3.0
homopolitico,teslu888,3.0
homopolitico,waymonhudson,4.0
homopolitico,lorion,2.0
mycrazypassions,lgbtqnation,3.0
mycrazypassions,jameshaning,2.0
alisonbuckley,freedom_indiana,2.0
vooda1,pcjm08,2.0
vooda1,jameshaning,2.0
datwilightzone,freedom_indiana,2.0
theperfectflaw8,lgbtqnation,2.0
modelviews,sallykohn,2.0
gterrazi,thedailyedge,2.0
omarkuddus,team_liber8,2.0
omarkuddus,arcticfox_am_i,2.0
ilariabonuccell,jameshaning,2.0
niccil,freedom_indiana,2.0
arcticfox_am_i,jameshaning,3.0
rightnowio_feed,midwestpatrick,2.0
rightnowio_feed,lindafarouk,2.0
rightnowio_feed,thehill,4.0
rightnowio_feed,cogignana,2.0
rightnowio_feed,ree_suga,2.0
rightnowio_feed,newsfeednetwork,4.0
rightnowio_feed,lgbtqnation,2.0
alexiamaggos,freedom_indiana,3.0
danieljodonnell,freedom_indiana,3.0
danieljodonnell,lgbtqnation,8.0
danieljodonnell,jameshaning,2.0
houckadoodledoo,thedailyedge,3.0
stksans,freedom_indiana,2.0
itsshoboy,famtasma1977,2.0
itsshoboy,jore1276merino,2.0
itsshoboy,mariacramirez11,2.0
itsshoboy,edilberto_u,2.0
itsshoboy,umanzor_e,2.0
itsshoboy,e_nelsy,2.0
itsshoboy,rosariocardoza2,2.0
itsshoboy,haydevilma,2.0
itsshoboy,radams3736,2.0
itsshoboy,greatvictoria,2.0
renenow,thedailyedge,2.0
renenow,stwallace23,2.0
renenow,shells2014,2.0
swohiorealty,thedailyedge,2.0
southernjamespb,stoprfra,4.0
jerryod,jameshaning,3.0
gayequalglobal,jameshaning,2.0
gayequalglobal,washtimes,2.0
dsurman,vmoscher,2.0
imaginelife94,jameshaning,4.0
jamesschriver,freedom_indiana,2.0
hhutch,ozchrisrock,2.0
thereval,pdoubt,2.0
thereval,jmbeyond7,2.0
luisescarreola,jameshaning,2.0
scullynoreen,thedailyedge,2.0
r201top,drhug,2.0
cykelly1718,cnntonight,4.0
twileycarr,midwestpatrick,2.0
twileycarr,freedom_indiana,2.0
ahalltoo,shannonrwatts,2.0
ptcoldfire,jameshaning,2.0
liliagarcia020,richardohornos,2.0
mackkrycek,freedom_indiana,3.0
autumnnalston,jameshaning,2.0
mattmurph24,shannonrwatts,2.0
mattmurph24,freedom_indiana,3.0
richardcurryt,lgbtqnation,2.0
ednasroman,richardohornos,2.0
agentorangetex,thedailyedge,2.0
jadehernandez29,richardohornos,2.0
equalitync,freedom_indiana,7.0
towne8200,freedom_indiana,2.0
santo_aol,joeconason,2.0
greeenguy111,jameshaning,2.0
350heat,drhug,2.0
mykelbeyotch,waymonhudson,2.0
mykelbeyotch,freedom_indiana,2.0
jmbeyond7,jameshaning,2.0
mlhoenig,jameshaning,2.0
mlhoenig,paidsubscriber,2.0
guy_habs,thedailyedge,2.0
ahab_of_gilead,goodasyou,2.0
mrsshakur1975,thedailyedge,2.0
maguscorvin,jameshaning,3.0
lindaefrank,freedom_indiana,2.0
curvynerdysexy,lgbtqnation,2.0
sonjab1981,jameshaning,13.0
winterthur,thedailyedge,2.0
artcraftterry,thedailyedge,2.0
artcraftterry,bannerite,2.0
etownmelly,ozchrisrock,2.0
bluedavidc,jameshaning,2.0
tytnation,midwestpatrick,2.0
thedailyedge,rwilliams977,2.0
thedailyedge,tonyjannak,2.0
thedailyedge,zirikiziriki,2.0
thedailyedge,egatta,2.0
thedailyedge,chelyq,2.0
thedailyedge,pimpstate,2.0
thedailyedge,agiftagain,2.0
thedailyedge,jordankblack,2.0
thedailyedge,annejp1946,2.0
thedailyedge,coldandnervous,2.0
thedailyedge,ynot101,2.0
thedailyedge,gmabambam,2.0
thedailyedge,jaccuse1,2.0
thedailyedge,mchamric,2.0
thedailyedge,butte_tocks,2.0
thedailyedge,andreamatthews9,2.0
thedailyedge,barrowfull,2.0
thedailyedge,pan_gq_66,2.0
thedailyedge,jamiastarheart,2.0
thedailyedge,jonathanjewel,2.0
thedailyedge,esther_dearest,2.0
thedailyedge,pat1944,2.0
thedailyedge,revjoe3,2.0
thedailyedge,nick_hv,2.0
thedailyedge,aj_rutten,2.0
thedailyedge,indigogem,2.0
thedailyedge,team_liber8,2.0
thedailyedge,rocky1542,3.0
thedailyedge,anniesage,2.0
thedailyedge,pcosdeaf,2.0
thedailyedge,bimmerella,2.0
thedailyedge,shire46,2.0
thedailyedge,nowaynra1,2.0
thedailyedge,pillsandpebbles,2.0
thedailyedge,revpaperboy,2.0
thedailyedge,matttuggletwtr,2.0
thedailyedge,vemene,3.0
thedailyedge,lindsaybkk,3.0
thedailyedge,brittanya1982,2.0
fkhawk,freedom_indiana,4.0
jortay410,freedom_indiana,2.0
degoangelo24,lgbtqnation,2.0
meemnan,freedom_indiana,2.0
janemiami,jamesisfearless,2.0
chiconchicfil_a,theadvocatemag,3.0
chiconchicfil_a,jameshaning,2.0
cynicalpuss,freedom_indiana,3.0
sellwithmarcy,lgbtqnation,2.0
texyellowdogdem,jameshaning,2.0
richardohornos,pumas90946558,2.0
richardohornos,vickyram82,2.0
richardohornos,gopnoway,3.0
richardohornos,gildamarion,2.0
richardohornos,crishely2008cc,2.0
richardohornos,hugoc3318,2.0
richardohornos,ednad21,2.0
richardohornos,cristoramirez15,3.0
richardohornos,elidaalonso53,2.0
richardohornos,17veronicacejas,2.0
ajurgenssen,lgbtqnation,3.0
drmaggiesa,nancywonderful,2.0
wacissaoverlook,lgbtqnation,4.0
kendall264,jameshaning,2.0
juliandarius,radredneckdiva,3.0
crimsonboar5,the_news_diva,2.0
mikereesem,ozchrisrock,2.0
republican_mrs,jamesisfearless,3.0
freedom_indiana,nomaniacs,2.0
freedom_indiana,saithethyme,2.0
freedom_indiana,zirikiziriki,2.0
freedom_indiana,daileydose,2.0
freedom_indiana,ryanjharmon,2.0
freedom_indiana,misemici,2.0
freedom_indiana,halstedvodka,3.0
freedom_indiana,305josec,3.0
freedom_indiana,arn123d,2.0
freedom_indiana,jimansaldo,2.0
freedom_indiana,bsdatl,2.0
freedom_indiana,kelseighingram,2.0
freedom_indiana,fredburton13,2.0
freedom_indiana,bldouglasjr,3.0
freedom_indiana,kensandiego,2.0
freedom_indiana,wilson46201,10.0
freedom_indiana,tcinindy,3.0
freedom_indiana,dalef3,2.0
freedom_indiana,ereller25,2.0
freedom_indiana,benioff,2.0
freedom_indiana,chadhgriffin,3.0
freedom_indiana,msgwenniepennie,3.0
freedom_indiana,twodogsyarns,2.0
freedom_indiana,ticketsport12,2.0
freedom_indiana,gwintersetgr,2.0
freedom_indiana,julielinstruth,2.0
freedom_indiana,aengland818,2.0
freedom_indiana,stamfordlola,2.0
freedom_indiana,stoprfra,2.0
freedom_indiana,zsbass2,3.0
freedom_indiana,cyn_williams,3.0
freedom_indiana,rodneyindy,3.0
freedom_indiana,audreyalicek,2.0
freedom_indiana,fomalo,2.0
freedom_indiana,windycitytimes1,2.0
freedom_indiana,chiphxla,2.0
freedom_indiana,10cailyn08,6.0
freedom_indiana,mjacob70,2.0
freedom_indiana,kellykjj,4.0
freedom_indiana,taffystevens1,2.0
freedom_indiana,stdaniel7,2.0
freedom_indiana,northernstarz,2.0
freedom_indiana,fredkwint,6.0
freedom_indiana,archetypal_ben,2.0
freedom_indiana,calebislost,2.0
freedom_indiana,akdubz53,2.0
freedom_indiana,sk45202,2.0
freedom_indiana,feedmedrinkme,2.0
freedom_indiana,mindmansion,2.0
freedom_indiana,xrobnx,3.0
freedom_indiana,impeach_hate,2.0
freedom_indiana,velvetsilk,3.0
freedom_indiana,amberrocks00,2.0
unitewomenorg,karenunitewomen,2.0
186darrellbezet,jameshaning,2.0
like_thestate,jameshaning,3.0
saturnsurprise,theadvocatemag,3.0
xultar,jameshaning,2.0
jleib,ozchrisrock,2.0
geekyfanboi,lgbtqnation,3.0
learwalker,drhug,2.0
bbcmundo,venezuela_ojo,2.0
slamslambam,lgbtqnation,2.0
spflddemsward6,ctdems,2.0
81taktsukada18,theadvocatemag,4.0
gma_dunlap,lgbtqnation,2.0
gma_dunlap,thepatrioticlib,2.0
txstarkeeper,dtlal,8.0
deweytoo,jameshaning,3.0
388fjv9,washtimes,2.0
bpmoynihan,jameshaning,2.0
ironchefemmitt,lgbtqnation,6.0
ironchefemmitt,jameshaning,4.0
lanceheaven,lancebass,2.0
eldeemocrat,jameshaning,2.0
indyfeminists,midwestpatrick,4.0
adrianaviles,jameshaning,2.0
kraut85,jameshaning,2.0
cailin_becoming,lgbtqnation,8.0
cailin_becoming,theadvocatemag,4.0
janf06,sallykohn,5.0
lgbtqnation,redkody,2.0
lgbtqnation,catrox219,3.0
lgbtqnation,michaelmbandy,11.0
lgbtqnation,mrseggers,4.0
lgbtqnation,jerzcaligrl,2.0
lgbtqnation,dardar1126,5.0
lgbtqnation,donniehinkle,2.0
lgbtqnation,jimmypalmieri,4.0
lgbtqnation,halstedvodka,2.0
lgbtqnation,randydenis01,2.0
lgbtqnation,crainesauthor,2.0
lgbtqnation,305josec,5.0
lgbtqnation,eyeamsmf,6.0
lgbtqnation,michelle9647,3.0
lgbtqnation,equality_house,2.0
lgbtqnation,crymsonsavior,2.0
lgbtqnation,gamecockgrad,2.0
lgbtqnation,topherlew07,2.0
lgbtqnation,gayrightnetwork,2.0
lgbtqnation,jim_graham7,3.0
lgbtqnation,cscstars,2.0
lgbtqnation,plusanima1,2.0
lgbtqnation,kempwrites,3.0
lgbtqnation,nefariousnewt,2.0
lgbtqnation,teslu888,9.0
lgbtqnation,jcoulbourn,2.0
lgbtqnation,sdtwitguy,3.0
lgbtqnation,maceroni2,2.0
lgbtqnation,keelan_coker,2.0
lgbtqnation,robrt_m_goldste,3.0
lgbtqnation,nyxks,2.0
lgbtqnation,elizabeth_cotte,2.0
lgbtqnation,fredkwint,3.0
lgbtqnation,livenewsytweets,2.0
lgbtqnation,sk45202,6.0
lgbtqnation,stevedrakovari,2.0
lgbtqnation,bandicootboys,2.0
lgbtqnation,abellreed,3.0
lgbtqnation,medicaljoe,10.0
lgbtqnation,marcylauren,2.0
lgbtqnation,took777,2.0
lgbtqnation,tanja_storm,5.0
lgbtqnation,kenberry611,2.0
gwintersetgr,jameshaning,2.0
peppersandeggs,ozchrisrock,2.0
tlyczko,ozchrisrock,3.0
carriesample,meusa,2.0
advocatebratty,andreajmarkley,2.0
advocatebratty,lorion,2.0
cetroguimaraes,washtimes,2.0
justicenever,jameshaning,2.0
castonchris,shannonrwatts,3.0
medicaljoe,theadvocatemag,2.0
medicaljoe,meusa,2.0
medicaljoe,jameshaning,5.0
memeographs,vetosb101,2.0
memeographs,stoprfra,7.0
bulla_adriano,jameshaning,3.0
astorix23,midwestpatrick,3.0
promomissouri,jameshaning,2.0
joyconnell,ozchrisrock,2.0
aldocerveza,jameshaning,2.0
mary_swilling,mcshea33,2.0
jbreezn,voicelikeariot_,2.0
upayr,jameshaning,2.0
megasahd,jameshaning,2.0
randyaguebor,theadvocatemag,2.0
drhug,wildwestleft,2.0
drhug,anniesage,2.0
drhug,mozi_n,3.0
drhug,marcylauren,2.0
drhug,blumtgrldebbie,4.0
drhug,andreamatthews9,2.0
cmk6894,goodasyou,2.0
michaeljewell78,jameshaning,3.0
ponderingprinc,jameshaning,2.0
mozarts38,jameshaning,2.0
thepoliticalcat,jameshaning,2.0
midwestpatrick,abellreed,2.0
midwestpatrick,garymillrat,2.0
midwestpatrick,ebonemonet26,2.0
midwestpatrick,robynryle,2.0
midwestpatrick,annette144,23.0
midwestpatrick,hoosiernpc,2.0
midwestpatrick,radredneckdiva,2.0
midwestpatrick,clamb01,4.0
midwestpatrick,steph14156,2.0
arthurkirland2,ozchrisrock,2.0
jcorrydon,theadvocatemag,3.0
margaritateresa,sgaut,2.0
awosss,ozchrisrock,2.0
bldouglasjr,meusa,3.0
bldouglasjr,jameshaning,2.0
progunbobby,dyniace,2.0
solarisrex,jameshaning,6.0
pattysmattyvt,shannonrwatts,2.0
arwenofjersey,jameshaning,3.0
zanezodrow,windblownworld,2.0
tiffanyclay,ozchrisrock,2.0
the_woch_man,jameshaning,5.0
52katydid,andreamatthews9,2.0
givemepie360,ozchrisrock,2.0
dr_gumby,theadvocatemag,2.0
actupspeakout,shannonrwatts,2.0
gomezsgrande,ozchrisrock,2.0
goldendayze,jameshaning,4.0
rodneyindy,jameshaning,4.0
charlienyephoto,wilson46201,2.0
charlienyephoto,abellreed,2.0
charlienyephoto,billkafka,2.0
elituckerinc,jameshaning,2.0
allydee24,lancebass,2.0
cnntonight,jamesisfearless,5.0
cnntonight,gleelover86,2.0
cnntonight,ophiski,3.0
rockdocinlv,politolizer,4.0
vikingsfan1964,jameshaning,2.0
serpentine202,regsixer,2.0
plantflowes,jameshaning,2.0
azrodriguez1,jameshaning,2.0
sgaut,blumtgrldebbie,3.0
egjaen,sallykohn,2.0
egjaen,bannerite,2.0
chipwiusa,stoprfra,2.0
305josec,jameshaning,4.0
lemertmartha,shannonrwatts,2.0
blumtgrldebbie,jamiastarheart,2.0
blumtgrldebbie,shannonrwatts,3.0
blumtgrldebbie,jameshaning,2.0
boyzer23,jameshaning,3.0
mataharikrishna,joeconason,2.0
cruzero919,ozchrisrock,2.0
bercelakcad,ozchrisrock,2.0
ksolo56,ozchrisrock,3.0
cush84,meusa,2.0
jefflangstraat,ozchrisrock,3.0
dalsguy,ozchrisrock,2.0
vetosb101,stoprfra,2.0
sleatercity,jameshaning,2.0
voicelikeariot_,kathleenwattle,2.0
voicelikeariot_,gambler2,2.0
rocky1542,jameshaning,2.0
barryhingley,jameshaning,5.0
hi_hat_truth,sallykohn,2.0
holzmank,sallykohn,3.0
chubchaser14,jameshaning,3.0
dianesnavely,mcshea33,4.0
1rebecca_smith,lancebass,2.0
annaperea1,ozchrisrock,2.0
ali79ali79ali79,ozchrisrock,3.0
unlockdestiny,ozchrisrock,2.0
marcylauren,ozchrisrock,3.0
marcylauren,jameshaning,7.0
took777,paidsubscriber,2.0
safricaphotog,sallykohn,2.0
ludla3389,jameshaning,2.0
jameshaning,nicollpatty,2.0
jameshaning,deadhead1991,2.0
jameshaning,mvbennett26,3.0
jameshaning,mrsziggy1988,2.0
jameshaning,alfredfalco1818,6.0
jameshaning,brontyman,2.0
jameshaning,act1wally,2.0
jameshaning,an0n_c1ph3r,2.0
jameshaning,susandanzig219,2.0
jameshaning,p_crossan,2.0
jameshaning,pdoubt,5.0
jameshaning,beatrizlpy,3.0
jameshaning,jrgaillot,2.0
jameshaning,cscstars,3.0
jameshaning,lgbt_lover,5.0
jameshaning,mullenpmullen,2.0
jameshaning,jamesfoyt,2.0
jameshaning,jamiastarheart,2.0
jameshaning,bannerite,2.0
jameshaning,tonebobb,2.0
jameshaning,tabathastreng,2.0
jameshaning,sydweedon,2.0
jameshaning,quicksilver2723,2.0
jameshaning,jojofythat,2.0
jameshaning,calebislost,3.0
jameshaning,kyhoopfan,4.0
jameshaning,dreamer_girl47,3.0
jameshaning,p_joyjones,2.0
jameshaning,mooncatadams,2.0
jameshaning,marriotthill,2.0
jameshaning,mrsmeek77,3.0
jameshaning,velvetsilk,6.0
mvbennett26,ozchrisrock,2.0
mvbennett26,dtlal,2.0
dardar1126,angiecoiro,5.0
egregiousfoul,ozchrisrock,2.0
gdwessel,radredneckdiva,4.0
gdwessel,stoprfra,2.0
jasonatdabeach,theadvocatemag,2.0
restbrauns,meusa,2.0
washtimes,syd4141,2.0
washtimes,qbankendy,2.0
theadvocatemag,widereceivermen,5.0
tonystweets2,ozchrisrock,2.0
thomasclark92,lorion,2.0
buddhist68,shannonrwatts,2.0
oneclassymofo,sallykohn,2.0
wilson46201,radredneckdiva,2.0
tootsie2211,ozchrisrock,2.0
irishred5151,sallykohn,2.0
shannonrwatts,cscstars,2.0
shannonrwatts,dejathedog,2.0
shannonrwatts,mdsand,2.0
shannonrwatts,kharyp,6.0
shannonrwatts,colliepower,2.0
ozchrisrock,hotelkeys,2.0
ozchrisrock,pless0331,2.0
ozchrisrock,grevillewhittle,2.0
ozchrisrock,queenbee______,2.0
ozchrisrock,innkeepertfp,2.0
lancebass,hhodgso,2.0
andreamatthews9,kharyp,2.0
andreamatthews9,nancywonderful,2.0
lorion,cscstars,2.0
lorion,lgbt_lover,2.0
lorion,stdaniel7,4.0
alizardx,jblaque,4.0
kathyangel2,pamelalee90844,2.0
cherrycinnamoon,sallykohn,2.0
libjamesbond007,sallykohn,2.0
nomaniacs,goodasyou,2.0
joshtotheua,kellykjj,2.0
sallykohn,sydneyelainexo,2.0
sallykohn,mms5048,2.0
meusa,mindmansion,10.0
theunclemike,stoprfra,2.0
andymarkle,radredneckdiva,3.0
speakteachwrite,stoprfra,4.0
ssweetbrown,bannerite,2.0
bannerite,poliscrutiny101,2.0
